gauge_id,mean_sp_baseline,mean_sp_future,delta_mean_sp,max_sp_baseline,max_sp_future,delta_max_sp,rcp
1001,1.245066388888889,0.19670393055555557,-1.0483624583333335,102.89065,35.4346,-67.45604999999999,rcp26
2001,2.9214454265873018,0.6289370000000001,-2.2925084265873017,128.6105,46.967150000000004,-81.64335,rcp26
2002,4.092241706349206,0.9869331805555555,-3.105308525793651,176.31529999999998,69.21605,-107.09924999999998,rcp26
3003,4.119259201388889,1.1624692592592591,-2.95678994212963,173.62935,97.5813,-76.04804999999999,rcp26
4001,4.113160262896825,1.1987999166666667,-2.914360346230158,177.78235,92.735,-85.04735000000001,rcp26
4003,7.846346498015873,2.4218238750000003,-5.424522623015872,215.8662,147.43725,-68.42894999999999,rcp26
4005,6.557018888888889,2.147679787037037,-4.409339101851852,225.1814,126.49555000000001,-98.68584999999999,rcp26
4006,4.345498070436507,1.5905484351851853,-2.754949635251322,177.22390000000001,99.5137,-77.71020000000001,rcp26
5003,6.192450793650794,1.8397365462962965,-4.3527142473544975,225.4054,126.47625,-98.92914999999999,rcp26
6007,4.433514499007936,1.1542549537037035,-3.2792595453042326,145.95085,83.79925,-62.1516,rcp26
6008,4.520201413690477,1.3622684814814816,-3.157932932208995,133.8329,92.98745,-40.84545,rcp26
7001,14.594086542658731,5.598746157407408,-8.995340385251323,271.0403,194.3274,-76.71289999999999,rcp26
7002,8.571006984126983,3.110144592592593,-5.46086239153439,197.0117,111.8514,-85.16029999999999,rcp26
7003,3.2063960119047614,0.9533944444444444,-2.253001567460317,110.3945,81.57535,-28.819149999999993,rcp26
7005,3.3919742708333334,1.1002646111111112,-2.291709659722222,113.9599,69.75755,-44.20235000000001,rcp26
7006,5.392469672619048,1.8499242268518516,-3.542545445767196,185.89870000000002,97.13329999999999,-88.76540000000003,rcp26
8004,7.023122142857143,2.570367162037037,-4.452754980820106,194.15845,115.53614999999999,-78.6223,rcp26
8005,12.803416706349207,3.3078313101851853,-9.49558539616402,222.02859999999998,125.34299999999999,-96.6856,rcp26
8006,5.728788328373016,1.7838444074074074,-3.944943920965608,157.1858,90.29245,-66.89335,rcp26
8009,7.234082624007938,2.726000199074074,-4.508082424933864,164.76,94.20675,-70.55324999999999,rcp26
8011,5.6120746875,1.9411239305555554,-3.6709507569444444,182.48160000000001,110.3369,-72.14470000000001,rcp26
8013,16.354028665674605,5.578042152777778,-10.775986512896827,278.5603,170.9611,-107.5992,rcp26
9002,2.925421468253968,0.7295830277777778,-2.1958384404761904,132.4341,71.1237,-61.3104,rcp26
9003,2.438771527777778,0.5526396481481481,-1.8861318796296298,111.9797,76.60955,-35.370149999999995,rcp26
9004,3.4211490376984126,0.9328607777777778,-2.488288259920635,165.5784,92.35365,-73.22474999999999,rcp26
9005,6.546216438492063,2.1769084074074074,-4.369308031084656,195.31375,124.0501,-71.26365,rcp26
10002,0.8519934523809525,0.09665989814814815,-0.7553335542328043,86.21180000000001,40.887299999999996,-45.324500000000015,rcp26
10003,0.9287711755952381,0.07879492592592593,-0.8499762496693122,76.15639999999999,24.58535,-51.57104999999999,rcp26
11001,2.4822228769841272,0.5261556527777778,-1.9560672242063495,122.48835,48.53545,-73.9529,rcp26
11003,5.392222371031746,1.627602527777778,-3.764619843253968,155.0499,106.58664999999999,-48.463250000000016,rcp26
11004,2.25916154265873,0.4361187314814815,-1.8230428111772485,125.66365,47.913650000000004,-77.75,rcp26
12001,8.771816532738095,2.761004101851852,-6.010812430886243,169.15865000000002,111.7519,-57.40675000000002,rcp26
12002,6.0661777926587295,1.6147832962962965,-4.451394496362433,150.8388,106.2619,-44.576899999999995,rcp26
12005,14.531594171626985,4.353329263888889,-10.178264907738097,234.4389,158.57935,-75.85954999999998,rcp26
12006,6.870678249007936,2.519766800925926,-4.35091144808201,147.6951,101.43690000000001,-46.25819999999999,rcp26
12007,13.893073943452382,4.535486101851852,-9.35758784160053,248.1071,145.63165,-102.47545,rcp26
12008,2.8518946329365082,0.5854813796296297,-2.2664132533068786,140.63655,60.66795,-79.96860000000001,rcp26
12009,5.228833497023809,1.2316742685185185,-3.99715922850529,169.0629,93.4508,-75.61210000000001,rcp26
13001,0.6357650198412699,0.1004825601851852,-0.5352824596560847,51.48295,21.78365,-29.6993,rcp26
13004,4.637768080357143,1.269117796296296,-3.3686502840608465,134.59195,88.7025,-45.88945,rcp26
13005,0.3087645188492063,0.05464918518518519,-0.2541153336640211,36.7334,19.50155,-17.23185,rcp26
13007,5.102484216269842,1.2511287037037038,-3.851355512566138,142.5211,91.6159,-50.905199999999994,rcp26
13008,4.380909176587302,0.711354125,-3.6695550515873023,105.21459999999999,55.3494,-49.86519999999999,rcp26
14001,0.3311113988095238,0.06503385185185186,-0.26607754695767194,50.06325,25.44695,-24.616299999999995,rcp26
14002,0.5172415029761903,0.06187175925925926,-0.45536974371693106,34.823,17.74615,-17.07685,rcp26
14005,0.42551389384920635,0.07883638425925926,-0.3466775095899471,47.3507,19.62765,-27.723050000000004,rcp26
15006,5.231024866071429,1.4551326435185183,-3.775892222552911,144.1144,101.59655000000001,-42.51784999999998,rcp26
15007,5.751187425595237,1.7387201203703704,-4.012467305224867,172.99895,145.79635000000002,-27.20259999999999,rcp26
15010,3.855757182539683,0.970632712962963,-2.88512446957672,122.22040000000001,75.19495,-47.025450000000006,rcp26
15011,119.09947205853175,32.95527680092593,-86.14419525760582,555.7760499999999,326.71545000000003,-229.0605999999999,rcp26
15012,8.491073313492063,2.0304983703703705,-6.460574943121692,173.6286,125.35835,-48.270250000000004,rcp26
15013,5.6194901785714295,1.7657782777777777,-3.853711900793652,143.53795,117.1465,-26.391449999999992,rcp26
15014,4.853844885912698,1.474608486111111,-3.379236399801587,132.60205,87.11930000000001,-45.48274999999998,rcp26
15016,5.181150322420635,1.6776117129629629,-3.5035386094576717,192.8749,140.8437,-52.031199999999984,rcp26
15021,1.025865744047619,0.11706587962962961,-0.9087998644179895,64.19975,22.423450000000003,-41.77629999999999,rcp26
15023,5.902921830357142,1.8378795,-4.065042330357143,155.8558,117.3834,-38.47239999999999,rcp26
15024,8.084372896825396,2.482911865740741,-5.601461031084655,237.26999999999998,186.30759999999998,-50.9624,rcp26
15025,4.199024389880952,1.2062642037037037,-2.9927601861772484,129.1917,68.99285,-60.19884999999999,rcp26
15030,0.8114213095238094,0.13021905555555555,-0.6812022539682538,52.7859,24.6677,-28.118199999999998,rcp26
15039,13.137238630952382,4.327366870370371,-8.809871760582011,237.64659999999998,158.6596,-78.98699999999997,rcp26
16001,3.0319264384920634,0.9596061712962962,-2.0723202671957672,103.12610000000001,78.86995,-24.256150000000005,rcp26
16003,5.117383095238095,1.7918059259259258,-3.325577169312169,165.3581,123.02105,-42.337050000000005,rcp26
16004,2.111062058531746,0.535156462962963,-1.575905595568783,79.41475,57.36225,-22.052499999999995,rcp26
17001,3.1041784523809524,0.9781727916666666,-2.1260056607142856,185.285,94.6558,-90.6292,rcp26
17003,0.7360278224206349,0.1670428564814815,-0.5689849659391534,75.21615,50.7164,-24.49975,rcp26
17004,0.06704229166666667,0.010331092592592593,-0.05671119907407408,26.84655,10.8523,-15.994250000000001,rcp26
17005,0.7885618501984127,0.20920014814814814,-0.5793617020502646,80.6154,48.033649999999994,-32.58175,rcp26
17015,3.0716622966269838,1.015154763888889,-2.056507532738095,148.10135000000002,91.61345,-56.487900000000025,rcp26
17018,0.9535801984126985,0.1934144583333333,-0.7601657400793652,74.97710000000001,38.5559,-36.421200000000006,rcp26
18001,2.5944556597222226,0.8745359351851852,-1.7199197245370375,112.7991,73.13235,-39.66674999999999,rcp26
18002,2.8314291319444447,0.9911221296296295,-1.8403070023148151,137.6635,91.92405,-45.739450000000005,rcp26
18003,0.5405022519841269,0.06966864814814815,-0.4708336038359788,60.03565,35.8324,-24.203249999999997,rcp26
18008,4.8846880257936505,1.5856179675925925,-3.2990700582010577,184.3157,104.34115,-79.97455,rcp26
18010,1.1519463888888888,0.2818642222222222,-0.8700821666666666,87.07045,49.41685,-37.6536,rcp26
18011,2.4971802182539684,0.8069940555555555,-1.690186162698413,127.553,61.1254,-66.4276,rcp26
18014,0.8887937847222223,0.1863183101851852,-0.7024754745370371,74.79795,44.18745,-30.610500000000002,rcp26
18017,10.757997227182539,3.3248160277777776,-7.433181199404761,295.0529,187.15699999999998,-107.89590000000004,rcp26
18018,6.226284677579366,2.0761603194444445,-4.150124358134921,203.08235,149.34735,-53.734999999999985,rcp26
19001,0.5638465525793651,0.14760707407407406,-0.4162394785052911,56.8198,36.4028,-20.417,rcp26
19006,0.507779365079365,0.1239666574074074,-0.38381270767195763,48.39605,37.98205,-10.414000000000001,rcp26
19010,0.0697436755952381,0.012716287037037038,-0.05702738855820106,27.9904,12.07995,-15.91045,rcp26
19017,0.48253480158730155,0.13019377314814815,-0.3523410284391534,45.8748,36.525949999999995,-9.348850000000006,rcp26
19020,1.1567054662698413,0.3474350462962963,-0.809270419973545,93.7337,59.422,-34.3117,rcp26
20002,0.08231846230158729,0.012516296296296294,-0.069802166005291,36.76395,16.35685,-20.4071,rcp26
20003,0.6685510664682539,0.1412915925925926,-0.5272594738756613,58.4685,35.7718,-22.6967,rcp26
20007,0.7623551140873017,0.1494606574074074,-0.6128944566798943,73.62905,37.859700000000004,-35.76935,rcp26
21003,1.0433149553571428,0.18012853240740742,-0.8631864229497354,73.1464,35.917500000000004,-37.228899999999996,rcp26
21006,1.431056314484127,0.2586372777777778,-1.1724190367063492,80.65285,54.763450000000006,-25.889399999999995,rcp26
21008,0.6517407242063492,0.12289181944444444,-0.5288489047619047,65.20885,28.65785,-36.551,rcp26
21009,0.9524923462301587,0.19675910185185186,-0.7557332443783068,69.18955,37.9846,-31.204949999999997,rcp26
21011,1.9409077827380952,0.33350136111111117,-1.607406421626984,95.18245,63.8952,-31.28725,rcp26
21012,1.058645744047619,0.22530673611111113,-0.8333390079365077,89.09385,63.32485,-25.769000000000005,rcp26
21013,1.907115441468254,0.5489646203703704,-1.3581508210978837,84.36545000000001,63.036249999999995,-21.329200000000014,rcp26
21015,1.522884642857143,0.3812985370370371,-1.1415861058201058,77.26895,57.70615,-19.562800000000003,rcp26
21016,0.5091911458333334,0.0847157824074074,-0.42447536342592596,65.5118,30.3849,-35.12689999999999,rcp26
21017,3.3503510218253973,1.0938387037037038,-2.2565123181216933,149.22140000000002,105.4668,-43.75460000000001,rcp26
21018,0.6735841865079365,0.1329152314814815,-0.540668955026455,52.44605,31.855150000000002,-20.590899999999998,rcp26
21022,1.0145732341269842,0.2044053148148148,-0.8101679193121694,79.21905,45.92525,-33.2938,rcp26
21023,0.6673471775793651,0.1623002824074074,-0.5050468951719578,71.4468,42.66705,-28.779749999999993,rcp26
21024,0.9791603174603174,0.22781226388888892,-0.7513480535714285,81.58574999999999,52.36295,-29.222799999999992,rcp26
21026,4.826448278769842,1.9059556203703703,-2.9204926583994717,169.22480000000002,137.7203,-31.504500000000007,rcp26
21027,0.7798363343253969,0.16950996296296297,-0.610326371362434,64.11395,44.55295,-19.561,rcp26
22001,1.462992425595238,0.2822421666666666,-1.1807502589285714,88.91095,50.8344,-38.07655,rcp26
22006,0.4562665773809524,0.05261216666666667,-0.4036544107142857,51.0774,20.47295,-30.604449999999996,rcp26
22007,0.7883748958333334,0.1234106388888889,-0.6649642569444445,69.3063,27.72515,-41.581149999999994,rcp26
22009,1.9205932291666665,0.41983839814814816,-1.5007548310185184,116.7701,74.01599999999999,-42.75410000000001,rcp26
23001,1.379131111111111,0.2665725,-1.112558611111111,92.8423,44.675200000000004,-48.16709999999999,rcp26
23004,1.5622804265873018,0.4056050324074074,-1.1566753941798944,98.65465,57.9112,-40.74345,rcp26
23006,2.221622544642857,0.6105883333333333,-1.6110342113095237,111.83605,72.25025,-39.585800000000006,rcp26
23007,1.641626423611111,0.3831822916666667,-1.2584441319444444,99.28524999999999,58.655699999999996,-40.629549999999995,rcp26
23008,1.5122968105158732,0.2958584259259259,-1.2164383845899471,106.9632,60.20675,-46.75645,rcp26
23011,2.2001774801587306,0.591974837962963,-1.6082026421957676,117.22344999999999,86.01415,-31.209299999999985,rcp26
23016,0.13943106646825396,0.016331166666666667,-0.12309989980158728,27.226300000000002,12.247599999999998,-14.978700000000003,rcp26
24001,2.0384739186507934,0.5281108657407407,-1.5103630529100527,109.90535,71.678,-38.22735,rcp26
24003,3.1475882688492067,1.0462799907407407,-2.101308278108466,133.73925,107.36850000000001,-26.370749999999987,rcp26
24004,1.5812998611111113,0.34010882870370374,-1.2411910324074076,107.5757,67.6409,-39.934799999999996,rcp26
24005,0.8880336458333333,0.1510543703703704,-0.7369792754629629,92.9779,37.5359,-55.44200000000001,rcp26
25001,2.265699751984127,0.7318027638888889,-1.5338969880952382,114.89224999999999,81.965,-32.92724999999999,rcp26
25003,5.053450029761905,1.828472638888889,-3.2249773908730157,167.5491,148.63465,-18.914450000000016,rcp26
25006,2.235109280753968,0.768054550925926,-1.467054729828042,112.57235,95.12935,-17.442999999999998,rcp26
25012,2.693408442460317,0.8164773009259259,-1.8769311415343912,131.10045000000002,97.1781,-33.92235000000002,rcp26
25020,0.6906622668650794,0.10686960185185185,-0.5837926650132275,80.8383,29.501849999999997,-51.336450000000006,rcp26
25021,0.7468040823412698,0.11725086574074076,-0.6295532166005291,82.18405,28.7073,-53.476749999999996,rcp26
25029,0.5969136755952382,0.07550772685185186,-0.5214059487433864,55.807950000000005,32.406,-23.401950000000006,rcp26
26003,0.6003962301587301,0.06519513425925925,-0.5352010958994708,46.8137,21.523,-25.290699999999998,rcp26
26005,6.273749201388888,0.8991239490740741,-5.374625252314814,129.02495,51.3688,-77.65615,rcp26
26006,1.203877748015873,0.16727704166666668,-1.0366007063492064,89.42939999999999,32.9754,-56.453999999999986,rcp26
26008,0.2013180902777778,0.02057307407407407,-0.18074501620370373,36.54575,12.2195,-24.326249999999998,rcp26
26009,1.2588899355158727,0.15386125925925925,-1.1050286762566135,91.04795,35.04535,-56.0026,rcp26
27001,0.07282180555555556,0.005443800925925927,-0.06737800462962963,24.5229,7.15095,-17.37195,rcp26
27002,1.3044313839285715,0.3143105416666666,-0.9901208422619049,86.4443,45.13815,-41.306149999999995,rcp26
27003,0.5573669692460318,0.10771419444444444,-0.4496527748015874,56.92165,32.4822,-24.43945,rcp26
27006,0.7531287450396825,0.16097296759259258,-0.5921557774470899,77.1999,41.730850000000004,-35.469049999999996,rcp26
27007,1.8885864682539681,0.47626626388888893,-1.4123202043650793,94.63005000000001,72.4119,-22.21815000000001,rcp26
27009,0.8581164236111113,0.15254118518518517,-0.7055752384259262,69.72135,45.04165,-24.679700000000004,rcp26
27021,0.4787262152777778,0.11065364351851853,-0.3680725717592593,61.17105,31.97025,-29.2008,rcp26
27023,0.589201121031746,0.13115844907407406,-0.458042671957672,61.00425,33.2034,-27.800849999999997,rcp26
27025,0.07139277281746031,0.009352967592592595,-0.06203980522486772,17.779600000000002,8.08375,-9.695850000000002,rcp26
27026,0.4627391666666667,0.11175758796296296,-0.3509815787037037,60.9285,30.2365,-30.692,rcp26
27029,0.7620775892857141,0.1594202546296296,-0.6026573346560845,72.26205,39.06615,-33.1959,rcp26
27030,0.04003008928571428,0.004441884259259258,-0.03558820502645502,16.57685,6.95535,-9.621500000000001,rcp26
27032,0.29492844742063495,0.042545212962962965,-0.25238323445767197,70.33155,24.5473,-45.78424999999999,rcp26
27034,1.7620004761904764,0.5068509768518519,-1.2551494993386245,99.13175,85.93245,-13.199299999999994,rcp26
27035,0.5861249900793651,0.16268371296296297,-0.42344127711640217,63.0878,32.69245,-30.39535,rcp26
27038,1.152294717261905,0.184397625,-0.9678970922619049,85.001,41.241749999999996,-43.75925000000001,rcp26
27041,0.570856681547619,0.06637450462962964,-0.5044821769179894,62.643299999999996,31.5505,-31.092799999999997,rcp26
27042,1.9041534275793652,0.25101311574074076,-1.6531403118386245,130.5882,60.030950000000004,-70.55725,rcp26
27043,1.300737380952381,0.3370983564814815,-0.9636390244708994,94.4452,49.5018,-44.9434,rcp26
27047,2.8582257192460316,0.9909052731481481,-1.8673204460978834,111.91935000000001,87.50915,-24.410200000000003,rcp26
27049,1.3308749255952381,0.17846167592592593,-1.1524132496693122,110.34375,48.5884,-61.75535,rcp26
27051,0.9684658581349206,0.23316177777777777,-0.7353040803571428,84.92275000000001,52.481500000000004,-32.441250000000004,rcp26
27062,0.6179108432539682,0.07315105555555555,-0.5447597876984126,59.48935,21.3975,-38.09185,rcp26
27064,0.2294317261904762,0.022892189814814813,-0.2065395363756614,34.721000000000004,13.73,-20.991000000000003,rcp26
27065,0.7992071081349207,0.1764108425925926,-0.622796265542328,83.51795000000001,47.53525,-35.982700000000015,rcp26
27071,0.6931419742063492,0.12563874074074077,-0.5675032334656084,70.78835000000001,38.3783,-32.410050000000005,rcp26
27073,1.4959354017857143,0.24480395370370372,-1.2511314480820106,91.53485,40.646950000000004,-50.8879,rcp26
27077,0.057315044642857145,0.005397245370370371,-0.05191779927248678,24.35985,6.8665,-17.49335,rcp26
27079,0.3918637797619048,0.045505027777777776,-0.346358751984127,50.9481,16.15785,-34.79025,rcp26
27080,0.6513442410714285,0.14489228240740737,-0.5064519586640212,61.856300000000005,36.953450000000004,-24.90285,rcp26
27084,0.7773350694444444,0.17929314814814815,-0.5980419212962963,73.41295,35.14485,-38.2681,rcp26
27087,0.07449481646825395,0.009366462962962962,-0.06512835350529099,25.4737,14.17925,-11.294450000000001,rcp26
27089,0.9970326686507935,0.2280557222222222,-0.7689769464285714,78.1619,44.64335,-33.518550000000005,rcp26
27090,1.749850763888889,0.4732624490740741,-1.276588314814815,108.80905,85.8044,-23.004649999999998,rcp26
28001,1.635114146825397,0.4562073287037037,-1.1789068181216933,108.45145,72.26785,-36.1836,rcp26
28003,0.030293968253968254,0.003140101851851852,-0.0271538664021164,20.3453,6.6773,-13.668000000000003,rcp26
28008,0.5453078521825397,0.16687588425925926,-0.3784319679232805,59.08485,32.73115,-26.353700000000003,rcp26
28009,0.3413733134920635,0.05615543055555555,-0.28521788293650796,47.215900000000005,19.953049999999998,-27.262850000000007,rcp26
28012,0.3105659226190476,0.0698142037037037,-0.2407517189153439,44.266549999999995,22.5637,-21.702849999999994,rcp26
28015,0.3284100892857143,0.06155699074074074,-0.2668530985449736,48.33975,20.21085,-28.1289,rcp26
28018,0.3806344295634921,0.10806231018518518,-0.2725721193783069,47.3724,25.500100000000003,-21.872299999999996,rcp26
28022,0.3583317559523809,0.07714759722222223,-0.2811841587301587,49.52265,21.4421,-28.08055,rcp26
28023,0.6855628422619047,0.1860135277777778,-0.49954931448412687,69.01219999999999,37.2222,-31.789999999999992,rcp26
28024,0.3651964186507936,0.06394362962962963,-0.301252789021164,46.5241,17.85435,-28.669749999999997,rcp26
28026,0.1687236607142857,0.024716560185185185,-0.14400710052910054,36.613600000000005,15.3168,-21.296800000000005,rcp26
28031,0.9964768948412698,0.30573940740740735,-0.6907374874338624,71.9668,46.5223,-25.444500000000005,rcp26
28033,1.175477132936508,0.3581187777777778,-0.8173583551587301,88.0958,60.770250000000004,-27.325549999999993,rcp26
28039,0.3960123363095238,0.1062006574074074,-0.2898116789021164,57.201899999999995,30.720100000000002,-26.481799999999993,rcp26
28040,0.018581463293650794,0.0025499444444444445,-0.01603151884920635,13.78255,6.14985,-7.632700000000001,rcp26
28043,0.6538674305555555,0.15205227314814815,-0.5018151574074073,69.67925,36.196799999999996,-33.48245,rcp26
28044,0.28743079365079366,0.043882689814814815,-0.24354810383597886,37.4304,20.937849999999997,-16.49255,rcp26
28046,0.7131320783730158,0.21171689814814815,-0.5014151802248676,64.0053,34.979,-29.026300000000006,rcp26
28048,0.42499977678571427,0.10067365277777779,-0.3243261240079365,59.664,27.1753,-32.4887,rcp26
28050,0.04315054563492063,0.006059189814814815,-0.037091355820105816,18.4231,8.14845,-10.274650000000001,rcp26
28052,0.05652388888888889,0.01397199537037037,-0.04255189351851851,23.597450000000002,13.00175,-10.595700000000003,rcp26
28055,0.4619256944444444,0.117178,-0.3447476944444444,57.133399999999995,28.14745,-28.985949999999995,rcp26
28056,0.2716021626984127,0.040912157407407404,-0.2306900052910053,41.677,14.2102,-27.4668,rcp26
28060,0.022438501984126984,0.0038724351851851854,-0.0185660667989418,15.2712,6.14515,-9.12605,rcp26
28066,0.08954227678571429,0.014707620370370371,-0.07483465641534393,24.01045,12.418800000000001,-11.591649999999998,rcp26
28067,0.3006534672619048,0.04446987037037038,-0.2561835968915344,39.5811,17.172250000000002,-22.408849999999997,rcp26
28072,0.3545139236111111,0.050791412037037034,-0.3037225115740741,47.0079,20.6884,-26.319499999999998,rcp26
28074,0.2740388541666666,0.042082629629629636,-0.231956224537037,41.0824,14.67055,-26.41185,rcp26
28080,0.09219491567460318,0.009822337962962963,-0.08237257771164022,19.26655,10.62955,-8.636999999999999,rcp26
28081,0.02638722222222222,0.0028756898148148144,-0.023511532407407408,19.83405,6.41,-13.424050000000001,rcp26
28082,0.32275059027777775,0.07030625925925926,-0.2524443310185185,46.895250000000004,21.5096,-25.385650000000005,rcp26
28085,0.36746025793650794,0.07886314351851852,-0.2885971144179894,50.5703,28.16155,-22.408750000000005,rcp26
28091,0.026388789682539684,0.0035869861111111107,-0.022801803571428574,15.81815,5.4861,-10.332049999999999,rcp26
28093,0.2927680109126984,0.0470454212962963,-0.2457225896164021,41.935649999999995,14.798950000000001,-27.136699999999994,rcp26
28115,0.04969194444444444,0.008393652777777778,-0.04129829166666667,17.1864,7.264849999999999,-9.92155,rcp26
28116,0.029016815476190477,0.004533921296296296,-0.02448289417989418,15.99545,7.4059,-8.58955,rcp26
28117,0.6189920734126985,0.14839834722222223,-0.47059372619047624,64.78955,32.973200000000006,-31.81635,rcp26
29002,0.06278414186507936,0.010693837962962962,-0.05209030390211639,21.1588,12.5064,-8.6524,rcp26
29003,0.07004038690476191,0.01065013425925926,-0.059390252645502656,20.809350000000002,12.1937,-8.615650000000002,rcp26
29005,0.19868707341269842,0.02497786111111111,-0.1737092123015873,32.7633,11.7556,-21.0077,rcp26
29009,0.014437222222222223,0.002405680555555556,-0.012031541666666666,11.364149999999999,6.66835,-4.695799999999998,rcp26
30001,0.055002728174603166,0.006921587962962963,-0.0480811402116402,16.375,9.497,-6.878,rcp26
30004,0.16862086805555557,0.021183819444444446,-0.14743704861111112,35.408699999999996,13.981850000000001,-21.426849999999995,rcp26
30005,0.13350667162698415,0.013018472222222223,-0.12048819940476194,28.84815,12.17905,-16.6691,rcp26
30011,0.05249093253968254,0.009353069444444445,-0.043137863095238094,19.2431,10.149000000000001,-9.094099999999997,rcp26
30012,0.162273685515873,0.021513407407407405,-0.14076027810846561,32.25295,10.866050000000001,-21.386899999999997,rcp26
30014,0.24771891865079362,0.026529111111111114,-0.2211898075396825,45.76035,12.471599999999999,-33.28875000000001,rcp26
30015,0.120879126984127,0.012453259259259258,-0.10842586772486774,27.00535,12.14415,-14.8612,rcp26
31002,0.20661097718253968,0.01795209722222222,-0.18865887996031747,36.72815,12.922799999999999,-23.80535,rcp26
31006,0.06341170634920634,0.007847884259259258,-0.05556382208994708,23.29375,10.94965,-12.3441,rcp26
31010,0.3586299652777778,0.05150820370370371,-0.3071217615740741,54.1767,19.45405,-34.72265,rcp26
31021,0.3675165376984127,0.07401303703703704,-0.29350350066137565,50.402100000000004,22.2003,-28.201800000000006,rcp26
31023,0.42492469246031744,0.06495799537037036,-0.3599666970899471,54.0366,19.60055,-34.43605,rcp26
31025,0.4640726091269841,0.09234937499999998,-0.37172323412698416,57.9256,21.844949999999997,-36.080650000000006,rcp26
32003,0.32626571924603176,0.06467783333333332,-0.26158788591269844,45.61695,18.1375,-27.479450000000003,rcp26
32004,0.3552541071428571,0.08703025925925925,-0.2682238478835979,53.31975,23.4263,-29.893449999999998,rcp26
32006,0.25889890376984126,0.05200722685185185,-0.2068916769179894,44.2686,16.5818,-27.686799999999998,rcp26
32008,0.3115894742063492,0.06189270833333334,-0.24969676587301587,44.8287,20.24325,-24.585449999999998,rcp26
33006,0.3060151736111111,0.035731490740740744,-0.27028368287037036,43.7274,19.49485,-24.232550000000003,rcp26
33007,0.32565364087301585,0.035248087962962964,-0.2904055529100529,53.3095,24.5334,-28.7761,rcp26
33012,0.22949383928571426,0.04064759259259259,-0.18884624669312167,41.0279,16.09005,-24.93785,rcp26
33013,0.026778556547619046,0.0023607731481481483,-0.0244177833994709,12.481349999999999,3.40755,-9.073799999999999,rcp26
33014,0.2428475148809524,0.030756143518518526,-0.2120913713624339,37.240700000000004,17.0825,-20.158200000000004,rcp26
33018,0.3125428571428571,0.0756971898148148,-0.23684566732804233,49.4745,25.50705,-23.96745,rcp26
33019,0.11204297123015873,0.01574275,-0.09630022123015873,29.92245,13.495999999999999,-16.426450000000003,rcp26
33020,0.5073683234126984,0.18476147222222222,-0.3226068511904762,47.21625,19.3652,-27.85105,rcp26
33021,0.056767296626984126,0.01277775,-0.04398954662698413,21.87915,13.81255,-8.0666,rcp26
33022,0.054818020833333335,0.012363222222222222,-0.042454798611111115,19.8459,12.7406,-7.1053,rcp26
33023,0.07787822420634921,0.01200161574074074,-0.06587660846560847,26.5445,12.55745,-13.98705,rcp26
33024,0.03980907242063492,0.011128972222222222,-0.028680100198412696,23.56325,15.1051,-8.45815,rcp26
33026,0.1867559474206349,0.0333781712962963,-0.1533777761243386,33.80635,18.614449999999998,-15.191900000000004,rcp26
33028,0.16180451884920632,0.02895561574074074,-0.1328489031084656,31.61925,15.2322,-16.387050000000002,rcp26
33029,0.2668564484126984,0.029436819444444443,-0.23741962896825397,41.75365,18.363500000000002,-23.39015,rcp26
33031,0.20747441964285715,0.03995400925925926,-0.16752041038359788,36.43625,19.778750000000002,-16.6575,rcp26
33032,0.019461349206349208,0.001636175925925926,-0.01782517328042328,16.7553,3.38275,-13.372549999999999,rcp26
33033,0.08584836805555557,0.021314601851851852,-0.06453376620370371,29.0831,14.40565,-14.677450000000002,rcp26
33034,0.17919071924603175,0.022642134259259258,-0.1565485849867725,38.51755,17.62605,-20.8915,rcp26
33035,0.08018444940476191,0.012555189814814818,-0.06762925958994709,27.76615,15.43995,-12.3262,rcp26
33039,0.22174702876984126,0.04311100925925927,-0.178636019510582,39.2742,19.5366,-19.7376,rcp26
33053,0.08280599206349207,0.015159657407407406,-0.06764633465608466,26.56195,13.939449999999999,-12.6225,rcp26
33054,0.3997868303571429,0.050047884259259254,-0.34973894609788364,61.256,32.509,-28.747,rcp26
33058,0.23280368551587302,0.055291180555555555,-0.17751250496031745,40.6042,23.955599999999997,-16.648600000000002,rcp26
34002,0.2649924801587301,0.025918384259259256,-0.23907409589947087,44.66055,19.08445,-25.5761,rcp26
34003,0.32772007440476186,0.032128273148148145,-0.2955918012566137,45.2691,24.091500000000003,-21.177599999999998,rcp26
34004,0.3474258829365079,0.03646754166666667,-0.31095834126984123,51.1616,23.416999999999998,-27.744600000000002,rcp26
34005,0.1213331498015873,0.016774291666666663,-0.10455885813492063,30.155500000000004,18.8144,-11.341100000000004,rcp26
34006,0.18809744047619048,0.020084819444444447,-0.16801262103174602,38.655100000000004,17.01445,-21.640650000000004,rcp26
34007,0.29972913194444445,0.03639421296296297,-0.2633349189814815,42.6685,24.7043,-17.9642,rcp26
34008,0.21269847222222218,0.02146611111111111,-0.19123236111111108,31.447000000000003,19.84445,-11.602550000000004,rcp26
34010,0.0858324255952381,0.012254606481481481,-0.07357781911375662,24.79965,10.70085,-14.098799999999999,rcp26
34011,0.30167537698412694,0.03308328703703704,-0.2685920899470899,57.053450000000005,26.369750000000003,-30.6837,rcp26
34012,0.49588938492063495,0.06507068518518519,-0.43081869973544973,69.43905000000001,25.0409,-44.39815000000001,rcp26
35003,0.31081828373015874,0.03809471759259259,-0.27272356613756615,48.7729,23.4592,-25.3137,rcp26
35008,0.26633188988095235,0.03183551388888889,-0.23449637599206347,37.0842,23.64895,-13.435250000000003,rcp26
36003,0.02368400297619048,0.005304347222222222,-0.018379655753968258,13.6572,4.5728,-9.084399999999999,rcp26
36006,0.25035832837301586,0.03514423611111111,-0.21521409226190474,35.18625,20.759300000000003,-14.426949999999998,rcp26
36009,0.2672985565476191,0.035956337962962964,-0.23134221858465612,36.94655,24.3739,-12.572650000000003,rcp26
36010,0.24208051587301588,0.03462606481481481,-0.20745445105820107,35.02325,21.31445,-13.708799999999997,rcp26
36011,0.24566375496031748,0.03710554166666667,-0.20855821329365082,34.5095,22.8612,-11.648300000000003,rcp26
36012,0.23448803075396826,0.035249875,-0.19923815575396825,34.26815,23.54735,-10.720799999999997,rcp26
37001,0.2295228621031746,0.04598655092592592,-0.18353631117724867,39.12665,18.9152,-20.21145,rcp26
37003,0.22620947916666662,0.03616842592592592,-0.1900410532407407,38.194,17.435950000000002,-20.75805,rcp26
37005,0.23407628472222222,0.03372793981481481,-0.2003483449074074,36.715149999999994,17.8836,-18.831549999999993,rcp26
37008,0.022635977182539683,0.004081555555555556,-0.018554421626984126,18.96625,6.985849999999999,-11.9804,rcp26
37009,0.22592644345238094,0.0336459537037037,-0.19228048974867723,37.44965,17.59435,-19.8553,rcp26
37010,0.2514387549603175,0.040354569444444446,-0.21108418551587305,38.5293,18.772,-19.7573,rcp26
37011,0.24042381448412697,0.03799500925925926,-0.20242880522486772,39.15435,18.90765,-20.2467,rcp26
37018,0.21300591269841274,0.04309876851851852,-0.16990714417989422,33.05755,19.48505,-13.572499999999998,rcp26
37019,0.1961990724206349,0.04379851388888889,-0.152400558531746,31.09525,19.650350000000003,-11.444899999999997,rcp26
37020,0.2385979910714286,0.03851266666666667,-0.20008532440476193,39.064350000000005,18.57975,-20.484600000000004,rcp26
37031,0.2346861359126984,0.042029333333333335,-0.19265680257936507,35.883449999999996,17.3919,-18.491549999999997,rcp26
37033,0.022563348214285715,0.005281282407407407,-0.017282065806878306,14.70665,10.17385,-4.5328,rcp26
38001,0.2002545287698413,0.03734211111111111,-0.16291241765873019,37.396950000000004,21.071649999999998,-16.325300000000006,rcp26
38003,0.20168355654761905,0.037007935185185185,-0.16467562136243385,37.46705,22.395,-15.07205,rcp26
38004,0.23342933035714286,0.04041586574074074,-0.19301346461640212,38.05475,23.29515,-14.759599999999999,rcp26
38007,0.06791375496031746,0.016139319444444442,-0.05177443551587302,26.38395,16.07495,-10.308999999999997,rcp26
38012,0.029303392857142858,0.008770685185185185,-0.020532707671957674,15.15045,8.4717,-6.678749999999999,rcp26
38014,0.08559941468253968,0.022286319444444445,-0.06331309523809522,25.208800000000004,15.66265,-9.546150000000004,rcp26
38017,0.08099285714285714,0.022300662037037032,-0.05869219510582011,28.27555,16.21165,-12.0639,rcp26
38018,0.05490824900793651,0.012730328703703704,-0.042177920304232806,22.5141,12.9207,-9.593399999999999,rcp26
38021,0.21081794146825397,0.047595374999999995,-0.16322256646825398,37.870000000000005,20.612949999999998,-17.257050000000007,rcp26
38026,0.23194231150793648,0.03873938425925926,-0.19320292724867721,38.828500000000005,18.09675,-20.731750000000005,rcp26
38029,0.2212860615079365,0.03787885648148148,-0.18340720502645502,38.29755,23.70155,-14.596,rcp26
38030,0.06555750992063492,0.015579898148148148,-0.04997761177248677,24.54325,15.63635,-8.9069,rcp26
39001,0.026489285714285712,0.0022401851851851853,-0.024249100529100526,19.00945,4.0,-15.009450000000001,rcp26
39002,0.1783813740079365,0.03815265277777778,-0.14022872123015873,34.78985,16.63155,-18.1583,rcp26
39004,0.12975969246031746,0.027440314814814813,-0.10231937764550264,36.495000000000005,20.61575,-15.879250000000006,rcp26
39005,0.03264806547619047,0.006514768518518519,-0.026133296957671956,20.011850000000003,10.921949999999999,-9.089900000000004,rcp26
39006,0.07756815476190476,0.011680703703703704,-0.06588745105820105,21.68855,13.696000000000002,-7.992549999999998,rcp26
39007,0.16273976686507935,0.030806907407407408,-0.13193285945767194,31.5058,15.724400000000001,-15.7814,rcp26
39008,0.040933487103174605,0.00586111574074074,-0.035072371362433866,17.144399999999997,8.662,-8.482399999999997,rcp26
39010,0.07080269345238095,0.015760208333333334,-0.05504248511904762,23.65715,13.135299999999999,-10.521850000000002,rcp26
39011,0.04999437996031746,0.004176120370370371,-0.04581825958994709,22.997500000000002,5.507300000000001,-17.4902,rcp26
39012,0.1425064236111111,0.025930069444444443,-0.11657635416666666,29.156200000000002,17.06965,-12.086550000000003,rcp26
39014,0.07071945436507937,0.016644958333333335,-0.054074496031746036,24.332349999999998,12.84095,-11.491399999999999,rcp26
39015,0.022100406746031746,0.0013117962962962961,-0.02078861044973545,24.35095,4.0543,-20.29665,rcp26
39016,0.10173997519841269,0.017631430555555556,-0.08410854464285714,27.86645,13.9015,-13.96495,rcp26
39017,0.20138973710317457,0.04297956018518519,-0.15841017691798936,36.08175,19.653,-16.42875,rcp26
39019,0.0648629861111111,0.005567949074074074,-0.05929503703703703,24.02665,8.14525,-15.8814,rcp26
39020,0.13205953373015872,0.023641162037037037,-0.10841837169312168,32.0412,17.2437,-14.797500000000003,rcp26
39021,0.31492428571428577,0.08393462037037036,-0.2309896653439154,53.0051,25.8661,-27.139,rcp26
39022,0.18207118055555555,0.03699331018518519,-0.14507787037037034,32.2643,18.760550000000002,-13.503749999999997,rcp26
39023,0.03435103670634921,0.003391351851851852,-0.030959684854497356,21.53335,4.981949999999999,-16.5514,rcp26
39025,0.03502301091269841,0.0020495555555555558,-0.032973455357142856,26.056150000000002,4.11845,-21.937700000000003,rcp26
39027,0.023935942460317456,0.0017069305555555553,-0.0222290119047619,18.90295,3.2817499999999997,-15.621200000000002,rcp26
39028,0.03551429563492064,0.0006124398148148148,-0.034901855820105826,23.270400000000002,2.9208,-20.349600000000002,rcp26
39029,0.19188588789682542,0.037969444444444445,-0.15391644345238098,35.80985,22.31655,-13.493299999999998,rcp26
39034,0.33330442956349204,0.09538406944444444,-0.2379203601190476,58.731700000000004,27.1128,-31.618900000000004,rcp26
39035,0.026047395833333334,0.0014438333333333334,-0.024603562500000002,17.6875,4.217499999999999,-13.47,rcp26
39036,0.06773965277777778,0.008775226851851853,-0.058964425925925934,20.57995,12.577549999999999,-8.002400000000002,rcp26
39037,0.04246312003968254,0.0007443009259259259,-0.04171881911375662,23.7195,2.7346,-20.9849,rcp26
39042,0.036528779761904766,0.0036630694444444445,-0.03286571031746032,17.30415,6.1228,-11.18135,rcp26
39049,0.03554550595238095,0.007631111111111112,-0.027914394841269837,20.14365,7.83145,-12.3122,rcp26
39052,0.15745885912698412,0.035526837962962965,-0.12193202116402116,31.80895,20.8398,-10.969149999999999,rcp26
39054,0.24889553075396822,0.04940524074074074,-0.1994902900132275,40.59485,25.5885,-15.006350000000001,rcp26
39056,0.06287573412698413,0.016207680555555555,-0.04666805357142858,23.31935,16.015900000000002,-7.303449999999998,rcp26
39061,0.7764328968253968,0.3025567175925926,-0.47387617923280423,51.84465,42.2576,-9.587050000000005,rcp26
39065,0.027635902777777777,0.0017058657407407406,-0.025930037037037036,16.3868,3.87875,-12.50805,rcp26
39069,0.28850618551587304,0.06339663425925926,-0.22510955125661378,45.1452,26.506149999999998,-18.639050000000005,rcp26
39072,0.18883555555555556,0.04465767592592593,-0.14417787962962963,32.16975,21.7117,-10.45805,rcp26
39078,0.05528432043650794,0.003499050925925926,-0.051785269510582016,27.53685,4.8505,-22.68635,rcp26
39081,0.028462916666666664,0.0021950694444444444,-0.02626784722222222,15.850349999999999,4.0659,-11.78445,rcp26
39087,0.15569788690476188,0.0413840925925926,-0.11431379431216929,30.2384,19.7699,-10.468499999999999,rcp26
39088,0.08786178075396825,0.02151723611111111,-0.06634454464285713,25.183300000000003,11.269200000000001,-13.914100000000001,rcp26
39095,0.044764007936507935,0.016646425925925926,-0.02811758201058201,13.78095,14.4819,0.7009499999999989,rcp26
39099,0.31199269345238095,0.08525370833333333,-0.2267389851190476,39.1911,23.12875,-16.06235,rcp26
39101,0.617491681547619,0.27910530555555557,-0.33838637599206345,62.2389,38.4238,-23.8151,rcp26
39105,0.19696003968253967,0.038375902777777776,-0.1585841369047619,38.069500000000005,18.84545,-19.224050000000005,rcp26
39108,0.036137564484126986,0.004677060185185186,-0.0314605042989418,19.0184,9.4825,-9.5359,rcp26
39114,0.07048608630952381,0.0033836296296296297,-0.06710245667989419,24.3881,4.29035,-20.09775,rcp26
39120,2.2928955505952384,0.7809964444444444,-1.511899106150794,93.8588,73.8038,-20.055000000000007,rcp26
39125,0.06638500496031746,0.010906208333333332,-0.05547879662698413,23.78165,7.2533,-16.52835,rcp26
39127,0.07274915674603175,0.015693277777777778,-0.05705587896825397,24.788400000000003,12.1399,-12.648500000000002,rcp26
39141,0.1664947123015873,0.027268819444444443,-0.13922589285714285,31.69905,17.43805,-14.261,rcp26
39142,0.07179448412698414,0.00638962037037037,-0.06540486375661377,20.5785,7.96975,-12.608749999999997,rcp26
39143,0.22171338293650797,0.05155181018518518,-0.1701615727513228,35.5242,17.50685,-18.01735,rcp26
39144,0.1631638988095238,0.02971571296296296,-0.13344818584656085,31.74185,14.79675,-16.9451,rcp26
40003,0.2731922916666667,0.047654805555555554,-0.22553748611111113,59.45295,23.2496,-36.20335,rcp26
40004,0.31144892857142853,0.05595213888888889,-0.25549678968253964,59.2329,26.94025,-32.29265,rcp26
40005,0.3335632688492063,0.06577235648148148,-0.2677909123677248,69.98509999999999,25.617449999999998,-44.36764999999999,rcp26
40006,0.04794910714285715,0.008049347222222222,-0.03989975992063492,21.387549999999997,12.445,-8.942549999999997,rcp26
40007,0.28101024305555555,0.04700548148148148,-0.23400476157407407,52.1763,22.3611,-29.815199999999997,rcp26
40009,0.04119803571428572,0.005803064814814815,-0.035394970899470905,24.5961,7.3927,-17.203400000000002,rcp26
40010,0.28860751488095243,0.06083490740740741,-0.22777260747354502,45.01715,21.259950000000003,-23.757199999999997,rcp26
40011,0.32890729166666666,0.04365167592592592,-0.28525561574074076,64.6516,24.45405,-40.19755000000001,rcp26
40012,0.2285976587301587,0.037353902777777774,-0.1912437559523809,41.719449999999995,25.65935,-16.060099999999995,rcp26
40013,0.45984227678571427,0.12112306018518518,-0.33871921660052906,61.493900000000004,32.36695,-29.12695,rcp26
40016,0.2422393998015873,0.04375050925925925,-0.19848889054232804,43.43065,24.914,-18.51665,rcp26
40017,0.3262088690476191,0.06314134722222223,-0.26306752182539683,60.66935,30.06275,-30.6066,rcp26
40018,0.4977551140873016,0.13670683333333333,-0.3610482807539683,65.78184999999999,32.2397,-33.54214999999999,rcp26
40020,0.43529619047619045,0.09123709722222223,-0.3440590932539682,67.23005,27.518,-39.712050000000005,rcp26
40021,0.2769588343253968,0.0438117175925926,-0.2331471167328042,63.0625,24.86685,-38.19565,rcp26
40022,0.3394316914682539,0.040416541666666674,-0.2990151498015872,60.5774,21.1056,-39.4718,rcp26
40033,0.07157726686507936,0.0078044768518518515,-0.0637727900132275,42.41735,19.296950000000002,-23.120399999999997,rcp26
41001,0.3963409771825397,0.1210416898148148,-0.2752992873677249,46.001850000000005,26.97195,-19.029900000000005,rcp26
41003,0.23333515873015875,0.03612562037037037,-0.19720953835978838,44.60755,24.08695,-20.5206,rcp26
41004,0.024842733134920636,0.0034977916666666673,-0.02134494146825397,21.038899999999998,8.9637,-12.075199999999999,rcp26
41005,0.23187402777777777,0.04414663888888889,-0.18772738888888887,43.007549999999995,20.4595,-22.548049999999996,rcp26
41006,0.3105279910714286,0.07444576388888888,-0.2360822271825397,45.718199999999996,21.3188,-24.399399999999996,rcp26
41009,0.09198895337301587,0.01143552314814815,-0.08055343022486772,27.79455,13.2233,-14.571250000000001,rcp26
41011,0.20996824900793648,0.046556879629629636,-0.16341136937830686,33.51545,29.1567,-4.358750000000001,rcp26
41012,0.23846929563492064,0.05104748611111111,-0.18742180952380955,39.37665,21.509749999999997,-17.8669,rcp26
41013,0.275153943452381,0.04513335648148148,-0.2300205869708995,51.077799999999996,25.2259,-25.851899999999997,rcp26
41014,0.33297419146825397,0.09305503703703703,-0.23991915443121692,44.4077,28.009749999999997,-16.39795,rcp26
41016,0.2583641369047619,0.03980450462962963,-0.21855963227513225,46.9774,25.47485,-21.502550000000003,rcp26
41019,0.19665439484126984,0.031564555555555554,-0.1650898392857143,36.017,20.396749999999997,-15.620250000000006,rcp26
41020,0.14728674603174605,0.019022101851851853,-0.1282646441798942,33.35665,15.333200000000001,-18.02345,rcp26
41022,0.015176011904761906,0.0020706157407407405,-0.013105396164021165,21.01145,4.93525,-16.0762,rcp26
41023,0.08136912698412699,0.009814194444444445,-0.07155493253968254,28.2446,10.3553,-17.8893,rcp26
41025,0.41811018849206355,0.15006900462962963,-0.2680411838624339,54.14175,38.1756,-15.966149999999999,rcp26
41027,0.21139592261904766,0.04552132407407407,-0.1658745985449736,36.9671,28.32615,-8.640950000000004,rcp26
41028,0.21110159722222221,0.04094588888888889,-0.17015570833333332,36.7143,16.8838,-19.8305,rcp26
41029,0.23417716765873017,0.03399999074074074,-0.20017717691798942,43.9141,23.8668,-20.047299999999996,rcp26
42001,0.015488581349206347,0.0010347222222222225,-0.014453859126984124,17.54375,3.0457,-14.49805,rcp26
42003,0.028860749007936504,0.0006354166666666666,-0.028225332341269838,22.2621,1.3428,-20.9193,rcp26
42004,0.017353090277777778,0.00043378240740740736,-0.01691930787037037,21.55415,1.2864,-20.26775,rcp26
42006,0.02000124503968254,0.001311824074074074,-0.018689420965608466,19.3599,3.95445,-15.40545,rcp26
42008,0.01698438988095238,0.0005368287037037036,-0.016447561177248677,19.088250000000002,2.97315,-16.1151,rcp26
42010,0.0208478621031746,0.0005348935185185185,-0.02031296858465608,19.588099999999997,2.85985,-16.728249999999996,rcp26
42011,0.02514424603174603,0.0027268611111111113,-0.02241738492063492,18.2087,5.28925,-12.919450000000001,rcp26
42016,0.07307095734126984,0.010768226851851853,-0.062302730489417986,23.96005,11.538450000000001,-12.421599999999998,rcp26
42017,0.07070152281746031,0.00753612037037037,-0.06316540244708994,21.939300000000003,6.4094999999999995,-15.529800000000003,rcp26
42024,0.058135793650793646,0.004922768518518519,-0.053213025132275125,27.363300000000002,6.133,-21.230300000000003,rcp26
42026,0.011797822420634922,0.00032461574074074077,-0.011473206679894182,19.42235,1.0702500000000001,-18.3521,rcp26
42027,0.19143655257936507,0.05227719444444445,-0.1391593581349206,30.383699999999997,26.498800000000003,-3.8848999999999947,rcp26
43005,0.06019224702380952,0.0056262037037037044,-0.05456604332010582,23.99175,7.732200000000001,-16.259549999999997,rcp26
43006,0.07900832341269842,0.013744740740740741,-0.06526358267195768,25.2518,11.5388,-13.713,rcp26
43007,0.054565768849206345,0.008315537037037036,-0.04625023181216931,22.42825,9.24685,-13.181399999999998,rcp26
43008,0.039693988095238095,0.0023475833333333335,-0.03734640476190476,21.13845,5.98235,-15.156099999999999,rcp26
43009,0.12938822916666667,0.02262575,-0.10676247916666667,30.63865,17.58865,-13.049999999999997,rcp26
43014,0.1792776388888889,0.05436849537037036,-0.12490914351851853,29.4925,23.9028,-5.589700000000001,rcp26
43017,0.021568164682539685,0.00045907870370370373,-0.02110908597883598,19.282899999999998,1.8347,-17.448199999999996,rcp26
43018,0.02955443452380952,0.002566050925925926,-0.026988383597883595,20.722050000000003,6.602,-14.120050000000003,rcp26
43021,0.05501773313492063,0.0038888148148148146,-0.05112891832010581,22.975450000000002,5.70775,-17.2677,rcp26
44001,0.013304593253968256,0.00035967592592592594,-0.01294491732804233,20.90385,0.75185,-20.151999999999997,rcp26
44002,0.010529672619047619,0.00024793055555555555,-0.010281742063492064,19.06795,0.8765499999999999,-18.1914,rcp26
44006,0.019198774801587302,0.00042725,-0.0187715248015873,20.437649999999998,1.1979000000000002,-19.239749999999997,rcp26
44009,0.09016755456349207,0.018713875,-0.07145367956349206,24.4899,12.818100000000001,-11.671799999999998,rcp26
44011,0.17824809523809526,0.05713818518518518,-0.12110991005291008,31.66805,27.83005,-3.838000000000001,rcp26
45001,0.2857626140873016,0.03285566203703704,-0.25290695205026453,58.5797,21.5837,-36.996,rcp26
45003,0.00938251488095238,0.0005574583333333333,-0.008825056547619047,21.4039,1.3382,-20.0657,rcp26
45004,0.09695672123015874,0.008732180555555556,-0.08822454067460318,33.8523,15.40075,-18.451549999999997,rcp26
45005,0.04801768849206349,0.003949662037037037,-0.04406802645502645,25.776200000000003,5.8271,-19.9491,rcp26
45009,0.7841770783730159,0.25555895370370374,-0.5286181246693121,120.56325000000001,43.04365,-77.51960000000001,rcp26
45012,0.24091971726190478,0.07269161574074073,-0.16822810152116405,43.7629,28.9666,-14.796300000000002,rcp26
46003,0.3732042609126984,0.11194719907407408,-0.26125706183862435,57.95585,36.46085,-21.494999999999997,rcp26
46005,0.8912046874999999,0.26720062037037035,-0.6240040671296296,91.64945,54.24305,-37.406400000000005,rcp26
46008,0.3176929265873015,0.09861532407407408,-0.21907760251322744,46.5174,34.7361,-11.781300000000002,rcp26
46014,0.04749400793650794,0.005286990740740741,-0.042207017195767194,36.237049999999996,6.64715,-29.589899999999997,rcp26
47001,0.13177256944444443,0.02369140277777778,-0.10808116666666664,35.056,15.6965,-19.359499999999997,rcp26
47004,0.08537777777777777,0.009338226851851851,-0.07603955092592593,33.9537,12.8873,-21.066399999999998,rcp26
47005,0.2500134920634921,0.050375050925925924,-0.19963844113756618,46.13715,20.651699999999998,-25.48545,rcp26
47008,0.00763687996031746,0.0004473796296296296,-0.007189500330687831,12.8187,1.14825,-11.670449999999999,rcp26
47009,0.006111205357142857,0.0004207777777777778,-0.005690427579365079,6.97225,2.8285,-4.14375,rcp26
47011,0.025672118055555554,0.0033256435185185186,-0.022346474537037034,19.4389,4.01525,-15.42365,rcp26
47014,0.34913144345238095,0.08056022222222223,-0.26857122123015875,52.0313,24.0475,-27.983800000000002,rcp26
47018,0.20862723214285717,0.04862896296296297,-0.15999826917989418,40.3387,22.1599,-18.178800000000003,rcp26
48003,0.03166641865079365,0.0033279212962962967,-0.028338497354497352,23.897399999999998,6.7233,-17.174099999999996,rcp26
48004,0.2442821775793651,0.046320185185185186,-0.19796199239417991,51.52785,26.058,-25.46985,rcp26
48005,0.01946424107142857,0.001437398148148148,-0.018026842923280422,22.3002,2.99725,-19.30295,rcp26
48011,0.005698705357142857,0.0005169768518518517,-0.005181728505291005,13.22215,3.95595,-9.2662,rcp26
49001,0.11399899305555555,0.02510533796296296,-0.08889365509259259,43.352999999999994,22.5668,-20.786199999999994,rcp26
49002,0.008827638888888888,6.743518518518519e-05,-0.008760203703703702,15.8715,0.42669999999999997,-15.444799999999999,rcp26
49004,0.0642170486111111,0.010792606481481483,-0.05342444212962962,36.1934,12.28465,-23.908749999999998,rcp26
50001,0.17885315476190478,0.031486791666666666,-0.1473663630952381,46.14145,17.0559,-29.085549999999998,rcp26
50002,0.32566913194444447,0.05646086111111111,-0.2692082708333334,53.6518,31.1359,-22.515900000000002,rcp26
50006,0.19423268849206352,0.034616703703703705,-0.1596159847883598,47.84445,19.97175,-27.872700000000002,rcp26
50007,0.36341121031746026,0.10668092592592593,-0.25673028439153434,60.3425,34.4112,-25.9313,rcp26
50008,0.021038308531746035,0.0007037222222222222,-0.02033458630952381,20.867350000000002,1.4495,-19.41785,rcp26
50011,0.4320891765873016,0.08405661574074075,-0.34803256084656087,67.28225,38.28905,-28.9932,rcp26
51001,0.051565927579365074,0.007737240740740741,-0.043828686838624335,24.314,10.03295,-14.28105,rcp26
52004,0.050429270833333324,0.0031337685185185184,-0.0472955023148148,23.62805,4.995799999999999,-18.632250000000003,rcp26
52005,0.04768952876984127,0.003087847222222222,-0.044601681547619045,25.2976,6.8118,-18.485799999999998,rcp26
52006,0.007955877976190476,0.00018788425925925928,-0.007767993716931217,14.7318,0.46915,-14.262649999999999,rcp26
52007,0.11834729166666666,0.019369699074074077,-0.09897759259259259,30.14295,18.35345,-11.7895,rcp26
52009,0.06889777281746033,0.009298629629629629,-0.0595991431878307,27.2238,9.6821,-17.5417,rcp26
52010,0.02141987103174603,0.0012732777777777777,-0.020146593253968254,16.9849,5.306850000000001,-11.678049999999999,rcp26
52011,0.13157986607142858,0.038332657407407406,-0.09324720866402117,24.780050000000003,24.6515,-0.12855000000000416,rcp26
52015,0.16102324900793652,0.04791856944444444,-0.11310467956349207,28.91195,25.367150000000002,-3.5447999999999986,rcp26
52016,0.035413511904761906,0.0021216342592592597,-0.03329187764550265,22.518099999999997,4.90295,-17.615149999999996,rcp26
53005,0.02478268353174603,0.0014554814814814812,-0.023327202050264548,21.2286,3.9585999999999997,-17.27,rcp26
53006,0.03843374007936508,0.00735975,-0.03107399007936508,17.48175,11.76285,-5.718900000000001,rcp26
53007,0.02382512400793651,0.0005469768518518519,-0.023278147156084658,20.60135,1.8082,-18.79315,rcp26
53008,0.049860014880952375,0.006237134259259258,-0.043622880621693116,19.502200000000002,12.56705,-6.935150000000002,rcp26
53009,0.04532294642857143,0.0023209259259259264,-0.043002020502645504,24.07575,6.28095,-17.7948,rcp26
53013,0.15069517857142858,0.04116548148148148,-0.1095296970899471,27.332,21.123649999999998,-6.208350000000003,rcp26
53017,0.13482316964285712,0.04003533333333333,-0.09478783630952378,28.10035,21.5445,-6.5558499999999995,rcp26
53018,0.16503712797619047,0.053310893518518525,-0.11172623445767194,29.5079,24.54555,-4.962350000000001,rcp26
53022,0.030200332341269842,0.0016582361111111114,-0.028542096230158732,19.063499999999998,6.44885,-12.614649999999997,rcp26
53023,0.02109563492063492,0.0006872731481481482,-0.020408361772486772,17.58625,4.07335,-13.5129,rcp26
53028,0.19621319940476192,0.061334185185185186,-0.13487901421957674,31.1033,23.69055,-7.412749999999999,rcp26
54001,0.31213432539682545,0.06784065740740741,-0.24429366798941804,70.3322,29.1651,-41.167100000000005,rcp26
54002,0.3048718402777778,0.06905196759259259,-0.23581987268518523,48.49594999999999,17.7988,-30.697149999999993,rcp26
54003,3.5566756944444444,1.8454596851851854,-1.711216009259259,136.89749999999998,152.94215,16.04465000000002,rcp26
54004,0.30681025793650796,0.05140413425925926,-0.2554061236772487,48.48255,18.3267,-30.155850000000004,rcp26
54005,0.5486203571428572,0.14665548611111112,-0.40196487103174605,88.36905,38.867450000000005,-49.501599999999996,rcp26
54007,0.2828035218253968,0.05594202777777777,-0.22686149404761904,44.870000000000005,21.472900000000003,-23.397100000000002,rcp26
54008,0.34183685515873014,0.08502624537037037,-0.2568106097883598,62.07645,33.0484,-29.02805,rcp26
54011,0.16573892857142858,0.034970666666666664,-0.13076826190476193,24.73565,17.60605,-7.1296,rcp26
54012,0.1241856994047619,0.02292518981481481,-0.10126050958994709,31.803350000000002,19.263199999999998,-12.540150000000004,rcp26
54015,0.278978005952381,0.062092416666666664,-0.21688558928571433,48.20175,23.08375,-25.118,rcp26
54016,0.2950836160714286,0.051633291666666664,-0.24345032440476191,53.045500000000004,23.8926,-29.152900000000002,rcp26
54017,0.33105357142857145,0.10209504166666666,-0.22895852976190478,59.45795,24.998,-34.45994999999999,rcp26
54018,0.33087737599206357,0.0662264212962963,-0.26465095469576727,70.29535,28.568649999999998,-41.7267,rcp26
54019,0.32188115079365076,0.0660833287037037,-0.25579782208994706,43.86555,21.6861,-22.17945,rcp26
54020,0.43099448908730154,0.09381322685185184,-0.3371812622354497,70.5419,30.953200000000002,-39.588699999999996,rcp26
54022,2.3472838789682537,0.8545558148148148,-1.492728064153439,141.9519,70.21785,-71.73405,rcp26
54024,0.018036011904761902,0.003877560185185185,-0.014158451719576717,13.0284,7.98035,-5.04805,rcp26
54025,0.42717609126984124,0.1214499398148148,-0.30572615145502646,74.16665,35.11755,-39.0491,rcp26
54027,0.12406089781746031,0.027047833333333333,-0.09701306448412697,30.2851,18.3092,-11.9759,rcp26
54028,0.8433247916666666,0.26810301851851853,-0.5752217731481482,101.3204,51.483850000000004,-49.83655,rcp26
54029,0.4054594791666666,0.10935332407407408,-0.2961061550925925,72.21005,34.36835000000001,-37.84169999999999,rcp26
54032,0.2783955109126984,0.061127888888888884,-0.2172676220238095,58.40345,28.182299999999998,-30.22115,rcp26
54034,0.3891747867063492,0.11243488425925927,-0.2767399024470899,55.2104,27.369,-27.8414,rcp26
54036,0.17883230158730157,0.03982349074074074,-0.13900881084656083,29.6063,16.66985,-12.93645,rcp26
54038,1.1223361408730161,0.4374195046296296,-0.6849166362433865,110.1588,68.4461,-41.7127,rcp26
54044,0.05061332837301587,0.013821939814814815,-0.03679138855820105,19.34045,14.13385,-5.2066,rcp26
54048,0.25903595734126983,0.05800551388888889,-0.20103044345238094,43.18175,16.880000000000003,-26.30175,rcp26
54049,0.28336623015873014,0.05807439351851852,-0.22529183664021163,43.09065,16.6084,-26.482249999999997,rcp26
54052,0.062007207341269854,0.014755712962962964,-0.04725149437830689,25.71575,14.94435,-10.7714,rcp26
54057,0.30578756448412703,0.0629402037037037,-0.24284736078042332,60.11255,23.143050000000002,-36.9695,rcp26
54060,0.014286825396825397,0.0034832638888888886,-0.010803561507936509,14.2193,8.03785,-6.18145,rcp26
54063,0.1830500744047619,0.03645106944444444,-0.14659900496031747,25.4852,17.06695,-8.41825,rcp26
54080,0.637597609126984,0.17136103703703703,-0.466236572089947,96.5612,39.71445,-56.84675,rcp26
54095,0.3714070684523809,0.07905302777777778,-0.29235404067460313,74.428,30.73365,-43.69435,rcp26
54096,0.20048472718253968,0.034844865740740735,-0.16563986144179893,42.3501,20.76015,-21.589949999999998,rcp26
55002,0.3276393253968254,0.08004014351851851,-0.24759918187830687,56.1005,35.2873,-20.813199999999995,rcp26
55007,0.3920322470238095,0.08762156944444446,-0.304410677579365,64.6109,34.302099999999996,-30.308800000000005,rcp26
55008,1.7787179761904761,0.5316281018518518,-1.2470898743386243,127.9985,67.32740000000001,-60.671099999999996,rcp26
55013,0.317069439484127,0.0971859212962963,-0.21988351818783072,55.907849999999996,36.667649999999995,-19.2402,rcp26
55014,0.5570853273809524,0.18744901388888888,-0.3696363134920635,89.85485,46.5076,-43.34725,rcp26
55016,0.6817070386904762,0.2514680787037037,-0.43023895998677253,86.7778,48.94025,-37.83755,rcp26
55018,0.23252383432539686,0.057118615740740744,-0.17540521858465613,45.65405,26.953699999999998,-18.70035,rcp26
55021,0.32202860119047616,0.09330052314814816,-0.228728078042328,53.12835,35.12755,-18.000799999999998,rcp26
55023,0.28552980158730157,0.0827485,-0.20278130158730157,51.281400000000005,31.99515,-19.286250000000006,rcp26
55025,0.2581045982142857,0.06770383333333334,-0.19040076488095237,43.7983,26.65185,-17.146449999999998,rcp26
55026,0.969824955357143,0.32837105092592594,-0.6414539044312171,99.48660000000001,56.6554,-42.83120000000001,rcp26
55029,0.3758221825396826,0.12454385185185186,-0.25127833068783073,56.7371,41.92855,-14.808549999999997,rcp26
55032,2.5249099404761903,1.1650288101851851,-1.3598811302910052,110.22819999999999,102.18465,-8.043549999999982,rcp26
56001,0.3209983779761905,0.07793275925925926,-0.24306561871693128,58.06055,40.01825,-18.042299999999997,rcp26
56002,0.4144449454365079,0.14024906018518518,-0.2741958852513227,65.52225,48.6211,-16.90115,rcp26
56007,0.4093751388888889,0.08044645833333333,-0.3289286805555556,73.7998,35.6075,-38.1923,rcp26
56012,0.9796558184523809,0.387839287037037,-0.5918165314153438,101.03525,58.97725,-42.05800000000001,rcp26
56013,0.45737138888888895,0.10651050925925926,-0.3508608796296297,68.37215,33.3039,-35.068250000000006,rcp26
57004,0.04436371031746032,0.0037490185185185187,-0.0406146917989418,25.69915,8.2911,-17.40805,rcp26
57005,0.3857965773809524,0.11020198611111112,-0.2755945912698413,53.597049999999996,39.81895,-13.778099999999995,rcp26
57006,0.04040986111111111,0.0022034490740740743,-0.038206412037037035,26.12375,7.18675,-18.937,rcp26
57007,0.20114965773809523,0.04843002314814814,-0.15271963458994708,42.222300000000004,35.68455,-6.537750000000003,rcp26
57008,0.3656373561507936,0.12473723611111112,-0.2409001200396825,71.5658,46.034850000000006,-25.53094999999999,rcp26
57009,0.010338035714285715,0.00020454166666666665,-0.010133494047619047,16.43285,0.70605,-15.726799999999999,rcp26
58001,0.0395689632936508,0.006995055555555555,-0.032573907738095244,20.49775,15.76905,-4.7287,rcp26
58002,0.6995854117063491,0.20522778703703703,-0.4943576246693121,88.1542,44.57405,-43.58015,rcp26
58006,0.8046189682539682,0.2309589027777778,-0.5736600654761903,94.42345,47.0684,-47.355050000000006,rcp26
58008,0.23134683035714285,0.05276982407407407,-0.17857700628306877,44.5158,22.937849999999997,-21.57795,rcp26
58009,0.02683035218253968,0.0015954166666666666,-0.025234935515873014,15.3092,3.9392,-11.370000000000001,rcp26
58010,2.4087207936507937,1.082443462962963,-1.3262773306878308,120.06925,89.73365,-30.3356,rcp26
58012,0.16830726686507938,0.04301584722222222,-0.12529141964285717,38.81075,27.641550000000002,-11.169199999999996,rcp26
59001,0.48759874503968254,0.1078645324074074,-0.37973421263227514,69.53645,30.19195,-39.344500000000004,rcp26
60002,0.6307132390873016,0.15323810185185185,-0.47747513723544976,59.84335,42.9291,-16.914250000000003,rcp26
60003,0.1545285119047619,0.03323613888888889,-0.12129237301587302,32.75105,20.590200000000003,-12.160849999999996,rcp26
60005,0.23582416170634923,0.04655159259259259,-0.18927256911375664,48.26635,22.228749999999998,-26.037600000000005,rcp26
60006,0.10047317956349207,0.010797592592592591,-0.08967558697089947,32.42715,12.765350000000002,-19.661799999999996,rcp26
60010,0.02492904761904762,0.0015711064814814815,-0.02335794113756614,13.646,4.2203,-9.4257,rcp26
60012,0.34510064980158733,0.08976849537037038,-0.25533215443121693,59.28625,31.59345,-27.692800000000002,rcp26
61001,0.009239632936507935,0.0011310092592592593,-0.008108623677248676,16.2473,4.0336,-12.2137,rcp26
61002,0.018211259920634923,0.0016002685185185187,-0.016610991402116405,24.2641,8.51735,-15.746749999999999,rcp26
62001,0.27076283234126985,0.0604333287037037,-0.21032950363756614,54.3917,22.7449,-31.6468,rcp26
63001,0.632616755952381,0.17081109259259258,-0.4618056633597884,62.01285,30.9366,-31.07625,rcp26
63004,3.4503200396825395,1.479757138888889,-1.9705629007936505,130.46325,99.28,-31.183249999999987,rcp26
64001,1.0742141716269842,0.30566502777777776,-0.7685491438492065,93.78739999999999,44.279650000000004,-49.50774999999999,rcp26
64002,0.32172341269841276,0.052602435185185176,-0.2691209775132276,58.255900000000004,27.87365,-30.382250000000003,rcp26
64006,0.2008181448412698,0.04068282407407407,-0.16013532076719572,50.369699999999995,20.7481,-29.621599999999994,rcp26
65001,1.693973630952381,0.3748594027777778,-1.319114228174603,124.1567,46.46115,-77.69555,rcp26
65004,0.2592257291666667,0.037821888888888884,-0.22140384027777782,57.70535,26.491750000000003,-31.2136,rcp26
65005,0.06309604662698413,0.010977476851851853,-0.05211856977513228,30.52345,16.8658,-13.65765,rcp26
65006,0.7458222073412699,0.13089217592592592,-0.614930031415344,98.18135000000001,39.77945,-58.40190000000001,rcp26
65007,0.3491197470238095,0.070342625,-0.2787771220238095,55.974900000000005,26.082549999999998,-29.892350000000008,rcp26
65008,9.853687966269842,3.5085325324074077,-6.345155433862434,264.54224999999997,231.69135,-32.85089999999997,rcp26
66001,0.8122619345238096,0.24610764814814817,-0.5661542863756615,75.47035,36.40875,-39.0616,rcp26
66004,0.3994599156746032,0.08935935185185186,-0.31010056382275136,67.827,30.56615,-37.26085,rcp26
66006,0.9832334126984128,0.25194545370370375,-0.731287958994709,82.6261,39.65105,-42.975049999999996,rcp26
66011,2.222590927579365,0.8656305787037037,-1.3569603488756614,133.2097,71.2795,-61.9302,rcp26
67001,0.23244205357142855,0.036463555555555555,-0.195978498015873,59.405100000000004,29.799500000000002,-29.605600000000003,rcp26
67005,1.6086862748015873,0.7330655555555555,-0.8756207192460318,115.0897,85.10730000000001,-29.982399999999984,rcp26
67006,1.020866011904762,0.3193568611111111,-0.7015091507936508,91.48845,38.72325,-52.7652,rcp26
67008,0.18031536706349205,0.030774606481481476,-0.14954076058201057,48.6339,23.792650000000002,-24.841249999999995,rcp26
67010,1.6966949454365081,0.6719199583333333,-1.0247749871031748,111.1493,61.139399999999995,-50.0099,rcp26
67015,0.9929568650793652,0.32998518055555554,-0.6629716845238096,96.126,42.48775,-53.638250000000006,rcp26
67018,1.7886542658730158,0.7537073611111111,-1.0349469047619047,97.15899999999999,60.0695,-37.089499999999994,rcp26
67025,0.5655978918650794,0.12444272222222223,-0.4411551696428571,75.78795,31.03805,-44.7499,rcp26
67033,0.4160534821428572,0.09755601388888889,-0.3184974682539683,75.31405,32.26245,-43.05159999999999,rcp26
68001,0.08488508432539682,0.01711011111111111,-0.06777497321428572,21.852449999999997,14.53735,-7.3150999999999975,rcp26
68003,0.16879032738095237,0.0319191574074074,-0.13687116997354498,25.46225,13.4321,-12.03015,rcp26
68004,0.01626701884920635,0.002408185185185185,-0.013858833664021164,11.38335,5.5600000000000005,-5.82335,rcp26
68005,0.12810506944444444,0.022886300925925925,-0.10521876851851852,32.59285,16.6365,-15.956349999999997,rcp26
68020,0.08448424107142857,0.01724898611111111,-0.06723525496031746,28.45205,13.27035,-15.1817,rcp26
69002,0.4557934424603175,0.09012789814814814,-0.36566554431216935,51.10565,27.374850000000002,-23.730799999999995,rcp26
69007,0.2847297966269841,0.048025324074074074,-0.23670447255291005,38.0592,17.4635,-20.595699999999997,rcp26
69012,0.29498675595238094,0.06552597222222223,-0.2294607837301587,40.143100000000004,19.0282,-21.114900000000006,rcp26
69015,0.9241835863095236,0.22308207870370372,-0.7011015076058198,75.7705,41.9781,-33.7924,rcp26
69017,0.3183502976190476,0.06732692592592593,-0.25102337169312167,46.501149999999996,25.4018,-21.099349999999994,rcp26
69023,0.10649778273809525,0.015048333333333334,-0.09144944940476192,27.354100000000003,10.000399999999999,-17.353700000000003,rcp26
69027,0.3581879712301587,0.05707795833333333,-0.3011100128968254,43.100750000000005,19.31415,-23.786600000000004,rcp26
69030,0.2322231150793651,0.03346673148148148,-0.1987563835978836,39.1862,15.68965,-23.49655,rcp26
69032,0.14556646825396824,0.017266962962962963,-0.12829950529100528,31.93625,13.5934,-18.34285,rcp26
69043,0.26292692956349206,0.038610490740740744,-0.22431643882275132,30.59735,12.668949999999999,-17.9284,rcp26
70002,0.21016964781746028,0.03601896296296296,-0.1741506848544973,42.8443,15.16835,-27.675949999999997,rcp26
71001,0.3624601587301587,0.06048175925925926,-0.30197839947089944,46.3795,18.9039,-27.4756,rcp26
71004,0.5433364037698413,0.135458125,-0.4078782787698413,59.0453,27.9621,-31.083199999999998,rcp26
71006,0.7526785863095237,0.16631486574074072,-0.5863637205687829,65.4589,28.905749999999998,-36.55315,rcp26
71008,0.4937888244047619,0.09574222222222223,-0.3980466021825397,56.468500000000006,32.18345,-24.285050000000005,rcp26
71014,0.41613208333333335,0.0745604861111111,-0.34157159722222225,47.08515,21.38215,-25.703,rcp26
72002,0.2373931994047619,0.04166886111111111,-0.19572433829365077,39.9019,16.8079,-23.093999999999998,rcp26
72004,0.9336213045634922,0.22636958796296297,-0.7072517166005292,69.51185000000001,30.550449999999998,-38.96140000000001,rcp26
72005,1.7491538392857144,0.5978846018518518,-1.1512692374338627,95.104,63.87695000000001,-31.22704999999999,rcp26
72007,0.0625989484126984,0.011949157407407408,-0.050649791005290996,23.84845,10.12665,-13.7218,rcp26
72009,0.9068168501984127,0.23185096296296293,-0.6749658872354498,62.030649999999994,27.03335,-34.997299999999996,rcp26
72014,0.05822692956349206,0.011015486111111111,-0.04721144345238095,21.043149999999997,7.7284999999999995,-13.314649999999997,rcp26
72015,1.6886017113095235,0.5649359907407407,-1.1236657205687828,96.436,64.8243,-31.611700000000013,rcp26
73005,0.6130738343253967,0.1301885185185185,-0.4828853158068782,65.13695,30.13125,-35.0057,rcp26
73009,1.8465846478174601,0.43596775925925924,-1.4106168885582009,107.8835,71.4196,-36.463899999999995,rcp26
73010,0.6672762996031745,0.07676139351851852,-0.590514906084656,51.40015,17.37435,-34.0258,rcp26
73011,0.4278797321428571,0.09824616666666666,-0.3296335654761905,54.63075,24.1157,-30.51505,rcp26
73014,3.6818004662698414,1.2125421805555556,-2.469258285714286,160.72019999999998,136.43259999999998,-24.287599999999998,rcp26
73015,0.0414697123015873,0.008601240740740741,-0.03286847156084656,16.06215,7.7329,-8.329249999999998,rcp26
74001,0.8820174255952382,0.17201687962962964,-0.7100005459656086,81.30255,35.06655,-46.236,rcp26
74005,0.03948878968253968,0.002584199074074074,-0.036904590608465605,18.281,6.1601,-12.120899999999999,rcp26
74006,0.36432197420634926,0.05625785185185185,-0.3080641223544974,57.7821,18.774949999999997,-39.00715,rcp26
74007,1.2416047519841271,0.33729100462962963,-0.9043137473544975,86.90865,64.26455,-22.644099999999995,rcp26
75003,2.3982485466269843,0.45354366666666657,-1.9447048799603177,110.8006,65.1334,-45.66720000000001,rcp26
75004,0.7311577876984128,0.11743862499999999,-0.6137191626984128,86.3121,31.63315,-54.67895,rcp26
75017,0.03481692956349206,0.0031918379629629627,-0.0316250916005291,19.38765,6.9043,-12.483350000000002,rcp26
76003,0.10320067460317461,0.01087411574074074,-0.09232655886243388,40.165350000000004,11.870149999999999,-28.295200000000005,rcp26
76005,0.39711690476190475,0.07566332407407407,-0.3214535806878307,51.098,21.842599999999997,-29.2554,rcp26
76007,0.25703140873015873,0.03383612037037037,-0.22319528835978836,36.9337,15.1227,-21.811,rcp26
76008,1.160259945436508,0.2880471018518519,-0.872212843584656,69.87735,38.0925,-31.784850000000006,rcp26
76011,1.6261692857142855,0.4252207731481481,-1.2009485125661374,99.29249999999999,72.90415,-26.38834999999999,rcp26
76014,2.2165490674603174,0.7794768101851852,-1.4370722572751322,111.8395,84.07485,-27.764650000000003,rcp26
77002,1.0445077876984126,0.23110820370370372,-0.8133995839947088,86.41415,63.99175,-22.422400000000003,rcp26
77003,1.5264720386904762,0.432662712962963,-1.0938093257275132,91.61439999999999,74.52985,-17.084549999999993,rcp26
77004,0.38633658234126983,0.07457268055555555,-0.3117639017857143,42.41015,19.2558,-23.15435,rcp26
78003,0.6908962847222222,0.1507022638888889,-0.5401940208333333,54.534099999999995,34.511449999999996,-20.02265,rcp26
78004,1.7958319990079366,0.5686597685185184,-1.2271722304894181,91.68785,70.1287,-21.559150000000002,rcp26
78006,1.0562460267857143,0.2002680648148148,-0.8559779619708996,71.98415,56.4642,-15.519950000000001,rcp26
79002,1.1163808829365078,0.23380303703703703,-0.8825778458994709,71.1707,55.9349,-15.235799999999998,rcp26
79003,2.0931152777777777,0.5691255555555556,-1.5239897222222223,120.4727,68.78275,-51.68995000000001,rcp26
79004,1.3191578323412698,0.36558498148148144,-0.9535728508597884,97.55895000000001,64.24805,-33.310900000000004,rcp26
79005,0.04726102678571428,0.003909189814814815,-0.04335183697089947,21.83365,8.4109,-13.422749999999999,rcp26
79006,1.2433630009920635,0.28117173148148145,-0.9621912695105821,94.2141,59.498999999999995,-34.71510000000001,rcp26
80001,0.45302710317460315,0.07257054166666665,-0.3804565615079365,69.9371,27.76665,-42.17045,rcp26
80002,0.3006777529761905,0.04126404166666667,-0.25941371130952384,67.75045,25.331400000000002,-42.41905,rcp26
80003,2.2329455357142853,0.5139241851851852,-1.7190213505291,145.85515,84.2499,-61.60525000000001,rcp26
80004,7.391909935515874,2.132397157407407,-5.2595127781084665,230.45095,153.87795,-76.57300000000001,rcp26
80005,4.267975044642857,1.2354003935185185,-3.0325746511243388,171.22485,113.8627,-57.36215,rcp26
80006,0.2829023958333333,0.020767930555555557,-0.2621344652777778,64.02305,18.122500000000002,-45.900549999999996,rcp26
81002,0.11440570436507935,0.011541305555555555,-0.1028643988095238,40.55195,12.918700000000001,-27.633249999999997,rcp26
81003,0.6106015228174602,0.10296513425925925,-0.5076363885582009,79.7003,33.6843,-46.016,rcp26
81004,0.39656274305555556,0.05287018981481481,-0.3436925532407408,62.30265,25.13055,-37.1721,rcp26
81006,1.4882509275793652,0.334484875,-1.1537660525793652,111.88075,74.3359,-37.54485000000001,rcp26
81007,0.6389652678571429,0.10502171296296295,-0.53394355489418,87.3817,34.52355,-52.858149999999995,rcp26
82001,0.3598278968253968,0.04743739814814815,-0.31239049867724866,54.97735,22.2676,-32.70975,rcp26
82003,0.5423390029761904,0.07054010648148148,-0.47179889649470896,73.53434999999999,26.629350000000002,-46.90499999999999,rcp26
83003,1.0493795138888888,0.1822036296296296,-0.8671758842592592,69.85135,53.13555,-16.715799999999994,rcp26
83004,0.9568437946428571,0.17180034259259258,-0.7850434520502645,66.68315,51.0301,-15.65305,rcp26
83006,0.6364863541666668,0.10242005092592593,-0.5340663032407409,57.3488,32.62155,-24.727249999999998,rcp26
83007,0.4949820684523809,0.06396495833333334,-0.4310171101190476,69.44454999999999,25.26545,-44.17909999999999,rcp26
83009,0.9376838392857142,0.18358435648148147,-0.7540994828042327,104.14005,33.048249999999996,-71.0918,rcp26
83010,0.6650158333333334,0.09998356018518519,-0.5650322731481482,70.70805,32.859700000000004,-37.848349999999996,rcp26
83013,0.774031185515873,0.1509976666666667,-0.6230335188492063,69.14394999999999,44.57425,-24.56969999999999,rcp26
84001,0.3598109126984127,0.052994726851851845,-0.30681618584656084,43.3691,21.1184,-22.250700000000002,rcp26
84004,0.9153181398809523,0.15813452314814813,-0.7571836167328042,62.225449999999995,35.11395,-27.111499999999992,rcp26
84005,0.6971875744047619,0.10850645370370371,-0.5886811207010582,59.2628,26.10805,-33.15475,rcp26
84008,0.6843299503968253,0.16091815740740742,-0.5234117929894179,78.5783,44.8959,-33.6824,rcp26
84009,0.9581837152777777,0.21052410648148145,-0.7476596087962962,78.17815,58.09755,-20.080600000000004,rcp26
84012,0.5549793998015873,0.10524123148148148,-0.4497381683201058,78.27260000000001,30.274549999999998,-47.99805000000001,rcp26
84013,0.6896086706349207,0.10937500925925926,-0.5802336613756615,58.771699999999996,27.116099999999996,-31.6556,rcp26
84014,0.9147212053571427,0.2071105509259259,-0.7076106544312168,86.4059,52.80045,-33.605450000000005,rcp26
84016,0.7609593898809524,0.17757760185185187,-0.5833817880291005,78.62285,42.3273,-36.29555,rcp26
84017,1.1205588442460317,0.19791941666666665,-0.922639427579365,109.71285,41.8793,-67.83355,rcp26
84018,0.9917879910714285,0.18194269444444444,-0.809845296626984,68.0464,47.3151,-20.731300000000005,rcp26
84019,0.616511949404762,0.15474974074074074,-0.4617622086640212,68.5515,38.417699999999996,-30.133800000000008,rcp26
84020,2.1115743452380955,0.3312179675925926,-1.780356377645503,120.70365,43.40375,-77.2999,rcp26
84022,1.1888838938492063,0.29695445833333334,-0.891929435515873,85.76605,61.694199999999995,-24.071850000000012,rcp26
84026,2.8509615228174603,0.7183490138888888,-2.1326125089285712,145.50764999999998,60.021150000000006,-85.48649999999998,rcp26
84030,0.5474281101190476,0.08022763425925927,-0.4672004758597883,72.51509999999999,30.029400000000003,-42.48569999999999,rcp26
85001,3.704078903769841,0.35521329166666665,-3.3488656121031743,102.26615,41.4473,-60.81885,rcp26
85002,1.1750367162698412,0.2525445648148148,-0.9224921514550264,94.19120000000001,43.5982,-50.59300000000001,rcp26
85003,9.394386934523808,2.8902880370370374,-6.504098897486771,301.45264999999995,205.3403,-96.11234999999994,rcp26
85004,3.394225515873016,0.9092978333333332,-2.4849276825396824,160.23325,79.73875,-80.4945,rcp26
88001,0.9807145337301588,0.13635684722222222,-0.8443576865079366,114.3253,63.818650000000005,-50.50664999999999,rcp26
89002,9.569311934523808,3.1578036990740745,-6.411508235449734,290.9499,177.26475,-113.68515000000002,rcp26
89003,15.54073422123016,4.9212048518518525,-10.619529369378307,363.87265,200.98795,-162.8847,rcp26
89005,15.608833293650793,5.015399972222223,-10.59343332142857,351.80805,206.52415,-145.2839,rcp26
89007,3.1034353422619048,0.8991019861111111,-2.2043333561507934,150.23180000000002,105.4884,-44.74340000000002,rcp26
90003,13.398168432539682,3.8326349907407407,-9.56553344179894,332.92145,163.81265,-169.1088,rcp26
92001,0.8927068601190475,0.12207663425925924,-0.7706302258597884,73.99164999999999,41.4407,-32.55094999999999,rcp26
93001,4.888412395833334,1.6405377083333332,-3.2478746875000004,184.20690000000002,100.01859999999999,-84.18830000000003,rcp26
94001,4.294539087301587,1.3811146990740741,-2.9134243882275124,169.05105,88.6973,-80.35375,rcp26
95001,3.1841383234126983,0.9143820925925926,-2.269756230820106,169.24985,94.0903,-75.15955000000001,rcp26
96001,3.054455982142857,0.598238087962963,-2.4562178941798942,134.91,79.3488,-55.5612,rcp26
96002,3.1143677628968254,0.6144282407407406,-2.499939522156085,122.80935,57.186499999999995,-65.62285,rcp26
96004,9.362074017857143,3.0505754583333333,-6.31149855952381,296.72294999999997,181.35215,-115.37079999999997,rcp26
97002,1.679386334325397,0.18934037037037038,-1.4900459639550265,118.14565,36.37495,-81.7707,rcp26
101002,0.09051886408730159,0.014286009259259257,-0.07623285482804233,42.580349999999996,15.97805,-26.602299999999996,rcp26
101005,0.05890549107142857,0.00714012962962963,-0.05176536144179894,26.697699999999998,9.69345,-17.00425,rcp26
102001,0.039706830357142855,0.004798060185185186,-0.03490877017195767,24.2782,7.2019,-17.076299999999996,rcp26
106001,0.8121012202380953,0.17978797685185186,-0.6323132433862434,60.5997,43.312799999999996,-17.286900000000003,rcp26
107001,1.0818103819444445,0.18890747222222223,-0.8929029097222222,93.7462,54.671099999999996,-39.075100000000006,rcp26
1001,1.245066388888889,0.08023303240740741,-1.1648333564814817,102.89065,31.55525,-71.33539999999999,rcp45
2001,2.9214454265873018,0.29128331018518516,-2.6301621164021167,128.6105,37.502449999999996,-91.10805,rcp45
2002,4.092241706349206,0.4386934351851852,-3.653548271164021,176.31529999999998,49.93605,-126.37924999999998,rcp45
3003,4.119259201388889,0.579519087962963,-3.539740113425926,173.62935,76.52875,-97.10059999999999,rcp45
4001,4.113160262896825,0.6499666203703703,-3.4631936425264547,177.78235,73.60990000000001,-104.17245,rcp45
4003,7.846346498015873,1.5876259259259258,-6.258720572089947,215.8662,133.23925,-82.62695,rcp45
4005,6.557018888888889,1.5817345925925927,-4.975284296296296,225.1814,109.33335,-115.84805,rcp45
4006,4.345498070436507,0.9129950324074074,-3.4325030380291,177.22390000000001,77.32390000000001,-99.9,rcp45
5003,6.192450793650794,1.241038949074074,-4.95141184457672,225.4054,108.38589999999999,-117.0195,rcp45
6007,4.433514499007936,0.5593730509259258,-3.8741414480820104,145.95085,74.3616,-71.58925,rcp45
6008,4.520201413690477,0.9812882083333333,-3.5389132053571433,133.8329,90.8656,-42.967299999999994,rcp45
7001,14.594086542658731,3.815946092592592,-10.77814045006614,271.0403,143.93535,-127.10495,rcp45
7002,8.571006984126983,2.1700623657407405,-6.400944618386243,197.0117,113.1859,-83.82579999999999,rcp45
7003,3.2063960119047614,0.4768855462962963,-2.729510465608465,110.3945,75.74225,-34.652249999999995,rcp45
7005,3.3919742708333334,0.6661731851851851,-2.7258010856481483,113.9599,77.34485000000001,-36.61505,rcp45
7006,5.392469672619048,1.1034983564814815,-4.288971316137566,185.89870000000002,94.55105,-91.34765000000002,rcp45
8004,7.023122142857143,1.737735666666667,-5.285386476190476,194.15845,113.79425,-80.36419999999998,rcp45
8005,12.803416706349207,2.193669935185185,-10.609746771164023,222.02859999999998,107.98755,-114.04104999999998,rcp45
8006,5.728788328373016,1.1596030324074074,-4.5691852959656085,157.1858,92.34100000000001,-64.84479999999999,rcp45
8009,7.234082624007938,1.9767645046296298,-5.257318119378308,164.76,102.16145,-62.59854999999999,rcp45
8011,5.6120746875,1.3290518333333332,-4.283022854166667,182.48160000000001,101.60454999999999,-80.87705000000003,rcp45
8013,16.354028665674605,3.94542262962963,-12.408606036044976,278.5603,131.56545,-146.99484999999999,rcp45
9002,2.925421468253968,0.29817360185185193,-2.627247866402116,132.4341,52.20700000000001,-80.2271,rcp45
9003,2.438771527777778,0.21310990740740743,-2.2256616203703707,111.9797,38.9373,-73.04239999999999,rcp45
9004,3.4211490376984126,0.36441318055555555,-3.056735857142857,165.5784,50.408699999999996,-115.16969999999999,rcp45
9005,6.546216438492063,1.4186088379629629,-5.1276076005291005,195.31375,117.8378,-77.47595,rcp45
10002,0.8519934523809525,0.02634087962962963,-0.8256525727513229,86.21180000000001,18.387900000000002,-67.82390000000001,rcp45
10003,0.9287711755952381,0.031165291666666664,-0.8976058839285714,76.15639999999999,16.714,-59.44239999999999,rcp45
11001,2.4822228769841272,0.16971790277777776,-2.3125049742063495,122.48835,34.94835,-87.53999999999999,rcp45
11003,5.392222371031746,1.0291659722222222,-4.363056398809524,155.0499,97.53989999999999,-57.51000000000002,rcp45
11004,2.25916154265873,0.1555734212962963,-2.1035881213624337,125.66365,35.105199999999996,-90.55845000000001,rcp45
12001,8.771816532738095,1.8343020092592597,-6.937514523478836,169.15865000000002,116.67420000000001,-52.48445000000001,rcp45
12002,6.0661777926587295,1.0279067314814814,-5.038271061177248,150.8388,99.0616,-51.77719999999999,rcp45
12005,14.531594171626985,3.272986865740741,-11.258607305886244,234.4389,150.72750000000002,-83.71139999999997,rcp45
12006,6.870678249007936,1.8627873611111112,-5.007890887896824,147.6951,105.57755,-42.117549999999994,rcp45
12007,13.893073943452382,3.298897074074074,-10.594176869378309,248.1071,124.996,-123.11110000000001,rcp45
12008,2.8518946329365082,0.21670320833333334,-2.6351914246031747,140.63655,54.312799999999996,-86.32375,rcp45
12009,5.228833497023809,0.4913783287037037,-4.737455168320105,169.0629,68.12195,-100.94095000000002,rcp45
13001,0.6357650198412699,0.03150921759259259,-0.6042558022486773,51.48295,17.503049999999998,-33.9799,rcp45
13004,4.637768080357143,0.7235433981481482,-3.9142246822089946,134.59195,87.9256,-46.666349999999994,rcp45
13005,0.3087645188492063,0.013263046296296295,-0.29550147255291,36.7334,11.0916,-25.641800000000003,rcp45
13007,5.102484216269842,0.7400006203703704,-4.362483595899471,142.5211,76.22614999999999,-66.29495,rcp45
13008,4.380909176587302,0.33235591666666664,-4.048553259920635,105.21459999999999,46.1453,-59.06929999999999,rcp45
14001,0.3311113988095238,0.019669791666666672,-0.3114416071428571,50.06325,16.371650000000002,-33.691599999999994,rcp45
14002,0.5172415029761903,0.02905164351851852,-0.4881898594576718,34.823,17.11875,-17.704250000000002,rcp45
14005,0.42551389384920635,0.02556325925925926,-0.39995063458994706,47.3507,15.11655,-32.23415,rcp45
15006,5.231024866071429,0.9197583009259258,-4.3112665651455035,144.1144,87.45044999999999,-56.66395,rcp45
15007,5.751187425595237,1.1588977407407408,-4.592289684854496,172.99895,114.57339999999999,-58.425550000000015,rcp45
15010,3.855757182539683,0.5696459351851852,-3.2861112473544978,122.22040000000001,68.9144,-53.30600000000001,rcp45
15011,119.09947205853175,21.79833325,-97.30113880853175,555.7760499999999,277.2862,-278.48984999999993,rcp45
15012,8.491073313492063,1.2056265462962963,-7.285446767195767,173.6286,88.23625,-85.39235000000001,rcp45
15013,5.6194901785714295,1.4209993935185188,-4.198490785052911,143.53795,123.90265000000001,-19.635299999999987,rcp45
15014,4.853844885912698,0.9681731944444443,-3.885671691468254,132.60205,93.3101,-39.291949999999986,rcp45
15016,5.181150322420635,1.1314100740740742,-4.049740248346561,192.8749,133.8572,-59.01769999999999,rcp45
15021,1.025865744047619,0.07176689351851853,-0.9540988505291006,64.19975,26.47235,-37.727399999999996,rcp45
15023,5.902921830357142,1.3990460324074074,-4.503875797949735,155.8558,128.55605,-27.29974999999999,rcp45
15024,8.084372837301586,1.6087346388888886,-6.475638198412698,237.26999999999998,157.65210000000002,-79.61789999999996,rcp45
15025,4.199024389880952,0.7231206805555556,-3.4759037093253964,129.1917,76.07885,-53.112849999999995,rcp45
15030,0.8114213095238094,0.07618087037037037,-0.7352404391534391,52.7859,33.6816,-19.104299999999995,rcp45
15039,13.137238630952382,3.047437583333333,-10.089801047619048,237.64659999999998,126.00065000000001,-111.64594999999997,rcp45
16001,3.0319264384920634,0.6065851481481481,-2.4253412903439155,103.12610000000001,64.80075,-38.325350000000014,rcp45
16003,5.117383095238095,1.2985985092592593,-3.8187845859788356,165.3581,124.59805,-40.76005000000001,rcp45
16004,2.111062058531746,0.3096681898148148,-1.8013938687169313,79.41475,51.33115,-28.083599999999997,rcp45
17001,3.1041784523809524,0.6668712083333334,-2.437307244047619,185.285,106.86869999999999,-78.4163,rcp45
17003,0.7360278224206349,0.08615998148148149,-0.6498678409391534,75.21615,39.35335,-35.8628,rcp45
17004,0.06704229166666667,0.0010002546296296296,-0.06604203703703704,26.84655,4.0779,-22.76865,rcp45
17005,0.7885618501984127,0.09940565740740741,-0.6891561927910054,80.6154,46.51335,-34.10204999999999,rcp45
17015,3.0716622966269838,0.7462812685185185,-2.325381028108465,148.10135000000002,101.01805,-47.08330000000002,rcp45
17018,0.9535801984126985,0.09377593055555557,-0.8598042678571429,74.97710000000001,37.865899999999996,-37.11120000000001,rcp45
18001,2.5944556597222226,0.5981869027777779,-1.9962687569444446,112.7991,84.76075,-28.038349999999994,rcp45
18002,2.8314291319444447,0.7217966342592592,-2.1096324976851855,137.6635,95.9445,-41.718999999999994,rcp45
18003,0.5405022519841269,0.040637569444444445,-0.49986468253968247,60.03565,30.9254,-29.110249999999997,rcp45
18008,4.8846880257936505,1.1400521990740742,-3.744635826719576,184.3157,123.30395000000001,-61.01174999999998,rcp45
18010,1.1519463888888888,0.17100703240740742,-0.9809393564814813,87.07045,42.38155,-44.6889,rcp45
18011,2.4971802182539684,0.5901284398148148,-1.9070517784391536,127.553,88.99105,-38.561949999999996,rcp45
18014,0.8887937847222223,0.11733353703703704,-0.7714602476851852,74.79795,35.5827,-39.21525,rcp45
18017,10.757997227182539,2.614208824074074,-8.143788403108465,295.0529,204.4359,-90.61700000000002,rcp45
18018,6.226284677579366,1.5243054768518518,-4.701979200727514,203.08235,166.8801,-36.20224999999999,rcp45
19001,0.5638465525793651,0.06181359259259259,-0.5020329599867726,56.8198,34.6399,-22.179900000000004,rcp45
19006,0.507779365079365,0.03280668518518519,-0.47497267989417985,48.39605,28.81115,-19.5849,rcp45
19010,0.0697436755952381,0.0015504120370370372,-0.06819326355820106,27.9904,4.50565,-23.484750000000002,rcp45
19017,0.48253480158730155,0.03510031481481482,-0.44743448677248676,45.8748,28.948050000000002,-16.92675,rcp45
19020,1.1567054662698413,0.15897515740740742,-0.9977303088624339,93.7337,59.74785,-33.98585,rcp45
20002,0.08231846230158729,0.002801810185185185,-0.0795166521164021,36.76395,4.58395,-32.18,rcp45
20003,0.6685510664682539,0.03366147685185185,-0.6348895896164021,58.4685,22.22385,-36.24465,rcp45
20007,0.7623551140873017,0.03517218981481482,-0.7271829242724869,73.62905,21.984,-51.645050000000005,rcp45
21003,1.0433149553571428,0.08673941666666667,-0.9565755386904762,73.1464,30.815350000000002,-42.33105,rcp45
21006,1.431056314484127,0.12026737962962962,-1.3107889348544974,80.65285,35.20585,-45.447,rcp45
21008,0.6517407242063492,0.047860819444444445,-0.6038799047619048,65.20885,25.8844,-39.32445,rcp45
21009,0.9524923462301587,0.06512823611111113,-0.8873641101190475,69.18955,27.09095,-42.0986,rcp45
21011,1.9409077827380952,0.16233118518518522,-1.77857659755291,95.18245,37.8989,-57.283550000000005,rcp45
21012,1.058645744047619,0.12163136111111111,-0.9370143829365079,89.09385,44.15625,-44.9376,rcp45
21013,1.907115441468254,0.2762823888888889,-1.6308330525793653,84.36545000000001,56.155699999999996,-28.209750000000014,rcp45
21015,1.522884642857143,0.14258987037037035,-1.3802947724867727,77.26895,39.9626,-37.30635,rcp45
21016,0.5091911458333334,0.026917115740740745,-0.4822740300925926,65.5118,21.839599999999997,-43.6722,rcp45
21017,3.3503510218253973,0.6896505231481481,-2.660700498677249,149.22140000000002,98.26375,-50.957650000000015,rcp45
21018,0.6735841865079365,0.052145666666666673,-0.6214385198412699,52.44605,27.333999999999996,-25.112050000000004,rcp45
21022,1.0145732341269842,0.050645499999999996,-0.9639277341269842,79.21905,23.66335,-55.555699999999995,rcp45
21023,0.6673471775793651,0.05143910648148148,-0.6159080710978837,71.4468,21.3038,-50.143,rcp45
21024,0.9791603174603174,0.10664120833333333,-0.872519109126984,81.58574999999999,38.1402,-43.44554999999999,rcp45
21026,4.826448278769842,1.1776939027777775,-3.6487543759920644,169.22480000000002,110.23140000000001,-58.99340000000001,rcp45
21027,0.7798363343253969,0.03596834259259259,-0.7438679917328043,64.11395,14.591999999999999,-49.521950000000004,rcp45
22001,1.462992425595238,0.12162452777777777,-1.3413678978174604,88.91095,38.7384,-50.17255,rcp45
22006,0.4562665773809524,0.018825453703703705,-0.4374411236772487,51.0774,11.4687,-39.6087,rcp45
22007,0.7883748958333334,0.06568266666666667,-0.7226922291666668,69.3063,21.11235,-48.193949999999994,rcp45
22009,1.9205932291666665,0.19549589814814816,-1.7250973310185183,116.7701,55.22064999999999,-61.54945000000001,rcp45
23001,1.379131111111111,0.1532823101851852,-1.2258488009259259,92.8423,36.58905,-56.253249999999994,rcp45
23004,1.5622804265873018,0.22614261574074074,-1.3361378108465611,98.65465,50.67485,-47.979800000000004,rcp45
23006,2.221622544642857,0.3308734861111111,-1.890749058531746,111.83605,55.93235,-55.9037,rcp45
23007,1.641626423611111,0.2232646805555556,-1.4183617430555555,99.28524999999999,52.93545,-46.34979999999999,rcp45
23008,1.5122968105158732,0.14563598148148146,-1.3666608290343918,106.9632,44.0132,-62.95,rcp45
23011,2.2001774801587306,0.31970257870370367,-1.880474901455027,117.22344999999999,68.23935,-48.984099999999984,rcp45
23016,0.13943106646825396,0.006920347222222222,-0.13251071924603172,27.226300000000002,10.1562,-17.070100000000004,rcp45
24001,2.0384739186507934,0.32219222685185184,-1.7162816917989416,109.90535,68.89365000000001,-41.01169999999999,rcp45
24003,3.1475882688492067,0.604135699074074,-2.5434525697751327,133.73925,87.41409999999999,-46.32515000000001,rcp45
24004,1.5812998611111113,0.19585507870370367,-1.3854447824074076,107.5757,57.143299999999996,-50.4324,rcp45
24005,0.8880336458333333,0.07288712962962964,-0.8151465162037037,92.9779,23.9667,-69.0112,rcp45
25001,2.265699751984127,0.4461634907407408,-1.8195362612433863,114.89224999999999,72.98240000000001,-41.90984999999998,rcp45
25003,5.053450029761905,1.1695655972222223,-3.8838844325396824,167.5491,121.67490000000001,-45.8742,rcp45
25006,2.235109280753968,0.472742037037037,-1.762367243716931,112.57235,73.71415,-38.8582,rcp45
25012,2.693408442460317,0.3993390740740741,-2.2940693683862428,131.10045000000002,78.7526,-52.34785000000002,rcp45
25020,0.6906622668650794,0.04904314351851852,-0.6416191233465609,80.8383,21.066000000000003,-59.7723,rcp45
25021,0.7468040823412698,0.045694023148148154,-0.7011100591931216,82.18405,20.3837,-61.800349999999995,rcp45
25029,0.5969136755952382,0.04111025925925926,-0.555803416335979,55.807950000000005,20.874850000000002,-34.9331,rcp45
26003,0.6003962301587301,0.03502850462962963,-0.5653677255291005,46.8137,14.418700000000001,-32.394999999999996,rcp45
26005,6.273749201388888,0.6464610277777778,-5.6272881736111104,129.02495,59.0269,-69.99804999999999,rcp45
26006,1.203877748015873,0.12914932407407406,-1.0747284239417991,89.42939999999999,32.8695,-56.559899999999985,rcp45
26008,0.2013180902777778,0.0142107962962963,-0.18710729398148152,36.54575,13.043149999999999,-23.5026,rcp45
26009,1.2588899355158727,0.13120694907407407,-1.1276829864417985,91.04795,35.1066,-55.94135,rcp45
27001,0.07282180555555556,0.0019099398148148148,-0.07091186574074075,24.5229,3.56965,-20.95325,rcp45
27002,1.3044313839285715,0.2222855138888889,-1.0821458700396827,86.4443,50.8468,-35.5975,rcp45
27003,0.5573669692460318,0.05298561574074073,-0.504381353505291,56.92165,22.738,-34.18365,rcp45
27006,0.7531287450396825,0.1022127824074074,-0.6509159626322751,77.1999,35.93045,-41.26945,rcp45
27007,1.8885865376984126,0.32684782870370377,-1.5617387089947088,94.63005000000001,66.40090000000001,-28.229150000000004,rcp45
27009,0.8581164236111113,0.08062477314814814,-0.7774916504629632,69.72135,25.169150000000002,-44.5522,rcp45
27021,0.4787262152777778,0.07405110185185185,-0.404675113425926,61.17105,27.9852,-33.18585,rcp45
27023,0.589201121031746,0.08078700925925926,-0.5084141117724867,61.00425,32.9352,-28.069049999999997,rcp45
27025,0.07139277281746031,0.0025090092592592594,-0.06888376355820106,17.779600000000002,3.47695,-14.302650000000002,rcp45
27026,0.4627391666666667,0.06652923611111111,-0.3962099305555556,60.9285,24.8283,-36.1002,rcp45
27029,0.7620775892857141,0.09978831944444444,-0.6622892698412697,72.26205,30.432000000000002,-41.83005,rcp45
27030,0.04003008928571428,0.0017051435185185186,-0.038324945767195764,16.57685,5.5857,-10.991150000000001,rcp45
27032,0.29492844742063495,0.011664296296296298,-0.28326415112433867,70.33155,16.87075,-53.46079999999999,rcp45
27034,1.7620004761904764,0.33109435648148144,-1.430906119708995,99.13175,68.78065000000001,-30.351099999999988,rcp45
27035,0.5861249900793651,0.07321549999999999,-0.5129094900793651,63.0878,27.00725,-36.08055,rcp45
27038,1.152294717261905,0.1352023333333333,-1.0170923839285715,85.001,30.848750000000003,-54.15225,rcp45
27041,0.570856681547619,0.05819414814814815,-0.5126625333994709,62.643299999999996,19.69375,-42.949549999999995,rcp45
27042,1.9041534275793652,0.1965223888888889,-1.7076310386904763,130.5882,49.543049999999994,-81.04515,rcp45
27043,1.300737380952381,0.19345594444444444,-1.1072814365079366,94.4452,49.17975,-45.26545,rcp45
27047,2.8582257192460316,0.6369320046296297,-2.221293714616402,111.91935000000001,80.4957,-31.42365000000001,rcp45
27049,1.3308749255952381,0.15625685185185184,-1.1746180737433862,110.34375,43.34225,-67.0015,rcp45
27051,0.9684658581349206,0.19205426388888885,-0.7764115942460317,84.92275000000001,53.6035,-31.31925000000001,rcp45
27062,0.6179108432539682,0.032963620370370365,-0.5849472228835978,59.48935,17.8881,-41.60125,rcp45
27064,0.2294317261904762,0.013861162037037036,-0.21557056415343917,34.721000000000004,10.48285,-24.238150000000005,rcp45
27065,0.7992071081349207,0.10397951851851853,-0.6952275896164022,83.51795000000001,36.78525,-46.732700000000015,rcp45
27071,0.6931419742063492,0.07057643055555556,-0.6225655436507936,70.78835000000001,25.9983,-44.79005000000001,rcp45
27073,1.4959354017857143,0.18924825462962966,-1.3066871471560846,91.53485,36.6087,-54.92615000000001,rcp45
27077,0.057315044642857145,0.002712907407407407,-0.05460213723544974,24.35985,6.2164,-18.14345,rcp45
27079,0.3918637797619048,0.018040462962962966,-0.3738233167989418,50.9481,12.14825,-38.79984999999999,rcp45
27080,0.6513442410714285,0.07040750462962964,-0.5809367364417989,61.856300000000005,27.15115,-34.70515,rcp45
27084,0.7773350694444444,0.09567129166666666,-0.6816637777777778,73.41295,28.85525,-44.5577,rcp45
27087,0.07449481646825395,0.002019935185185185,-0.07247488128306877,25.4737,6.76305,-18.71065,rcp45
27089,0.9970326686507935,0.1418590462962963,-0.8551736223544972,78.1619,47.53165,-30.630250000000004,rcp45
27090,1.749850763888889,0.3086732129629629,-1.441177550925926,108.80905,70.81639999999999,-37.99265000000001,rcp45
28001,1.635114146825397,0.37892997222222224,-1.2561841746031748,108.45145,70.38050000000001,-38.07094999999998,rcp45
28003,0.030293968253968254,0.001257851851851852,-0.029036116402116403,20.3453,2.8518,-17.4935,rcp45
28008,0.5453078521825397,0.12051219907407407,-0.4247956531084657,59.08485,28.51445,-30.570400000000003,rcp45
28009,0.3413733134920635,0.035469597222222225,-0.3059037162698413,47.215900000000005,15.80405,-31.411850000000005,rcp45
28012,0.3105659226190476,0.039606504629629634,-0.27095941798941797,44.266549999999995,18.32485,-25.941699999999994,rcp45
28015,0.3284100892857143,0.04158874537037037,-0.2868213439153439,48.33975,23.355649999999997,-24.984100000000005,rcp45
28018,0.3806344295634921,0.05976133333333333,-0.32087309623015875,47.3724,20.570500000000003,-26.801899999999996,rcp45
28022,0.3583317559523809,0.0441538425925926,-0.31417791335978834,49.52265,19.68245,-29.8402,rcp45
28023,0.6855628422619047,0.11632929629629629,-0.5692335459656084,69.01219999999999,30.50145,-38.510749999999994,rcp45
28024,0.3651964186507936,0.042018013888888886,-0.32317840476190474,46.5241,19.88475,-26.639349999999997,rcp45
28026,0.1687236607142857,0.014117435185185184,-0.15460622552910053,36.613600000000005,10.982099999999999,-25.631500000000006,rcp45
28031,0.9964768948412698,0.23362005092592592,-0.7628568439153438,71.9668,40.813050000000004,-31.153750000000002,rcp45
28033,1.175477132936508,0.2588228287037037,-0.9166543042328041,88.0958,49.493700000000004,-38.60209999999999,rcp45
28039,0.3960123363095238,0.057585777777777784,-0.338426558531746,57.201899999999995,26.102449999999997,-31.099449999999997,rcp45
28040,0.018581463293650794,0.0008498055555555557,-0.01773165773809524,13.78255,2.8201,-10.96245,rcp45
28043,0.6538674305555555,0.07274827777777779,-0.5811191527777777,69.67925,24.199150000000003,-45.48009999999999,rcp45
28044,0.28743079365079366,0.023075625,-0.26435516865079367,37.4304,14.8761,-22.554299999999998,rcp45
28046,0.7131320783730158,0.16668418981481484,-0.546447888558201,64.0053,35.29575,-28.709550000000007,rcp45
28048,0.42499977678571427,0.060218300925925936,-0.3647814758597883,59.664,22.4396,-37.2244,rcp45
28050,0.04315054563492063,0.002237898148148148,-0.04091264748677248,18.4231,6.6463,-11.776800000000001,rcp45
28052,0.05652388888888889,0.00521887037037037,-0.051305018518518514,23.597450000000002,7.65835,-15.939100000000002,rcp45
28055,0.4619256944444444,0.06697437962962963,-0.3949513148148148,57.133399999999995,23.6244,-33.50899999999999,rcp45
28056,0.2716021626984127,0.023240768518518515,-0.24836139417989417,41.677,13.329999999999998,-28.347,rcp45
28060,0.022438501984126984,0.0006624027777777778,-0.021776099206349205,15.2712,3.52745,-11.74375,rcp45
28066,0.08954227678571429,0.006490398148148148,-0.08305187863756613,24.01045,8.14735,-15.8631,rcp45
28067,0.3006534672619048,0.011099412037037036,-0.28955405522486777,39.5811,9.667449999999999,-29.91365,rcp45
28072,0.3545139236111111,0.038770574074074075,-0.31574334953703703,47.0079,20.6134,-26.3945,rcp45
28074,0.2740388541666666,0.022388060185185188,-0.25165079398148144,41.0824,13.2385,-27.843899999999998,rcp45
28080,0.09219491567460318,0.0040513240740740735,-0.0881435916005291,19.26655,7.7076,-11.55895,rcp45
28081,0.02638722222222222,0.001240013888888889,-0.025147208333333334,19.83405,2.72225,-17.111800000000002,rcp45
28082,0.32275059027777775,0.03725545833333334,-0.2854951319444444,46.895250000000004,14.9206,-31.974650000000004,rcp45
28085,0.36746025793650794,0.03575863425925926,-0.3317016236772487,50.5703,17.8768,-32.6935,rcp45
28091,0.026388789682539684,0.0007655648148148147,-0.025623224867724868,15.81815,2.09395,-13.7242,rcp45
28093,0.2927680109126984,0.026664912037037036,-0.26610309887566136,41.935649999999995,13.1012,-28.834449999999997,rcp45
28115,0.04969194444444444,0.0017978425925925926,-0.04789410185185185,17.1864,3.9214,-13.264999999999999,rcp45
28116,0.029016815476190477,0.001085736111111111,-0.027931079365079367,15.99545,3.86655,-12.1289,rcp45
28117,0.6189920734126985,0.07203875462962962,-0.5469533187830689,64.78955,22.479599999999998,-42.30995000000001,rcp45
29002,0.06278414186507936,0.0018295277777777778,-0.06095461408730158,21.1588,5.8346,-15.3242,rcp45
29003,0.07004038690476191,0.0022553703703703707,-0.06778501653439155,20.809350000000002,6.4119,-14.397450000000003,rcp45
29005,0.19868707341269842,0.013370148148148148,-0.18531692526455026,32.7633,10.1312,-22.6321,rcp45
29009,0.014437222222222223,0.00016687037037037037,-0.014270351851851852,11.364149999999999,0.87225,-10.4919,rcp45
30001,0.055002728174603166,0.0014533657407407407,-0.05354936243386243,16.375,2.8478499999999998,-13.52715,rcp45
30004,0.16862086805555557,0.004529356481481481,-0.1640915115740741,35.408699999999996,8.5735,-26.835199999999997,rcp45
30005,0.13350667162698415,0.0044880972222222214,-0.12901857440476194,28.84815,8.1752,-20.67295,rcp45
30011,0.05249093253968254,0.0017436388888888888,-0.05074729365079365,19.2431,6.86855,-12.37455,rcp45
30012,0.162273685515873,0.009341657407407408,-0.1529320281084656,32.25295,8.711500000000001,-23.541449999999998,rcp45
30014,0.24771891865079362,0.016333203703703704,-0.23138571494708993,45.76035,13.08995,-32.6704,rcp45
30015,0.120879126984127,0.004455523148148148,-0.11642360383597886,27.00535,8.4707,-18.53465,rcp45
31002,0.20661097718253968,0.009533708333333332,-0.19707726884920634,36.72815,10.83355,-25.894599999999997,rcp45
31006,0.06341170634920634,0.0018428101851851854,-0.061568896164021156,23.29375,3.02245,-20.2713,rcp45
31010,0.3586299652777778,0.033321643518518525,-0.3253083217592593,54.1767,16.423750000000002,-37.75295,rcp45
31021,0.3675165376984127,0.039799282407407405,-0.32771725529100526,50.402100000000004,16.55365,-33.84845,rcp45
31023,0.42492469246031744,0.04804334259259259,-0.37688134986772487,54.0366,24.5038,-29.5328,rcp45
31025,0.4640726091269841,0.05370122685185186,-0.41037138227513226,57.9256,24.3434,-33.5822,rcp45
32003,0.32626571924603176,0.03759502314814815,-0.2886706960978836,45.61695,17.4251,-28.191850000000002,rcp45
32004,0.3552541071428571,0.044214250000000004,-0.3110398571428571,53.31975,17.0298,-36.28995,rcp45
32006,0.25889890376984126,0.02972825462962963,-0.22917064914021162,44.2686,11.985,-32.2836,rcp45
32008,0.3115894742063492,0.04135654166666666,-0.2702329325396825,44.8287,12.06775,-32.760949999999994,rcp45
33006,0.3060151736111111,0.02127103703703704,-0.28474413657407405,43.7274,13.2059,-30.521500000000003,rcp45
33007,0.32565364087301585,0.013487388888888889,-0.31216625198412695,53.3095,14.35075,-38.95875,rcp45
33012,0.22949383928571426,0.028859685185185183,-0.2006341541005291,41.0279,13.604099999999999,-27.423800000000004,rcp45
33013,0.026778556547619046,0.0006199861111111113,-0.026158570436507933,12.481349999999999,2.75365,-9.727699999999999,rcp45
33014,0.2428475148809524,0.01044677314814815,-0.23240074173280426,37.240700000000004,11.117550000000001,-26.123150000000003,rcp45
33018,0.3125428571428571,0.045836962962962954,-0.26670589417989415,49.4745,14.5338,-34.9407,rcp45
33019,0.11204297123015873,0.002561490740740741,-0.10948148048941798,29.92245,3.3517,-26.57075,rcp45
33020,0.5073683234126984,0.11730464351851852,-0.3900636798941799,47.21625,27.3138,-19.90245,rcp45
33021,0.056767296626984126,0.0020254351851851852,-0.05474186144179894,21.87915,7.00445,-14.874699999999999,rcp45
33022,0.054818020833333335,0.002533171296296296,-0.05228484953703704,19.8459,7.1635,-12.682400000000001,rcp45
33023,0.07787822420634921,0.0020420694444444444,-0.07583615476190476,26.5445,4.8781,-21.6664,rcp45
33024,0.03980907242063492,0.001031162037037037,-0.03877791038359788,23.56325,3.47735,-20.0859,rcp45
33026,0.1867559474206349,0.02152661574074074,-0.16522933167989415,33.80635,14.0896,-19.71675,rcp45
33028,0.16180451884920632,0.01490014351851852,-0.14690437533068781,31.61925,11.20815,-20.4111,rcp45
33029,0.2668564484126984,0.017991703703703704,-0.2488647447089947,41.75365,12.1929,-29.56075,rcp45
33031,0.20747441964285715,0.02511226388888889,-0.18236215575396825,36.43625,14.135750000000002,-22.3005,rcp45
33032,0.019461349206349208,1.287037037037037e-06,-0.019460062169312172,16.7553,0.007,-16.748299999999997,rcp45
33033,0.08584836805555557,0.006592314814814815,-0.07925605324074075,29.0831,8.53675,-20.546350000000004,rcp45
33034,0.17919071924603175,0.005844148148148149,-0.1733465710978836,38.51755,10.4843,-28.033250000000002,rcp45
33035,0.08018444940476191,0.0018865555555555554,-0.07829789384920635,27.76615,6.3074,-21.45875,rcp45
33039,0.22174702876984126,0.027475847222222224,-0.19427118154761902,39.2742,14.9832,-24.291,rcp45
33053,0.08280599206349207,0.0036091249999999995,-0.07919686706349206,26.56195,8.06205,-18.4999,rcp45
33054,0.3997868303571429,0.038973925925925926,-0.360812904431217,61.256,13.305299999999999,-47.9507,rcp45
33058,0.23280368551587302,0.03770759722222222,-0.1950960882936508,40.6042,16.75535,-23.84885,rcp45
34002,0.2649924801587301,0.009080541666666667,-0.25591193849206345,44.66055,13.98175,-30.678800000000003,rcp45
34003,0.32772007440476186,0.012339657407407407,-0.3153804169973545,45.2691,11.6732,-33.5959,rcp45
34004,0.3474258829365079,0.015888050925925927,-0.33153783201058196,51.1616,14.370149999999999,-36.79145,rcp45
34005,0.1213331498015873,0.002481680555555556,-0.11885146924603174,30.155500000000004,4.6162,-25.539300000000004,rcp45
34006,0.18809744047619048,0.006671657407407408,-0.18142578306878307,38.655100000000004,11.68995,-26.965150000000005,rcp45
34007,0.29972913194444445,0.02024910185185185,-0.2794800300925926,42.6685,13.917100000000001,-28.7514,rcp45
34008,0.21269847222222218,0.007092958333333333,-0.20560551388888884,31.447000000000003,10.06505,-21.381950000000003,rcp45
34010,0.0858324255952381,0.0015887361111111115,-0.08424368948412699,24.79965,3.26635,-21.5333,rcp45
34011,0.30167537698412694,0.010036643518518518,-0.2916387334656084,57.053450000000005,13.46505,-43.58840000000001,rcp45
34012,0.49588938492063495,0.07798511574074074,-0.4179042691798942,69.43905000000001,31.2682,-38.17085000000001,rcp45
35003,0.31081828373015874,0.022819875000000003,-0.28799840873015875,48.7729,16.52885,-32.24405,rcp45
35008,0.26633188988095235,0.015713217592592595,-0.25061867228835977,37.0842,12.5905,-24.493700000000004,rcp45
36003,0.02368400297619048,0.0004151712962962963,-0.023268831679894183,13.6572,2.14505,-11.51215,rcp45
36006,0.25035832837301586,0.01183175462962963,-0.23852657374338623,35.18625,10.36675,-24.8195,rcp45
36009,0.2672985565476191,0.01436214351851852,-0.2529364130291006,36.94655,12.6694,-24.277150000000002,rcp45
36010,0.24208051587301588,0.012764273148148148,-0.22931624272486772,35.02325,9.49915,-25.524099999999997,rcp45
36011,0.24566375496031748,0.017075310185185183,-0.2285884447751323,34.5095,9.6364,-24.8731,rcp45
36012,0.23448803075396826,0.014190467592592595,-0.22029756316137566,34.26815,9.9311,-24.337049999999998,rcp45
37001,0.2295228621031746,0.023660324074074073,-0.20586253802910054,39.12665,11.23285,-27.8938,rcp45
37003,0.22620947916666662,0.01687836111111111,-0.20933111805555552,38.194,10.15015,-28.043850000000003,rcp45
37005,0.23407628472222222,0.01233125462962963,-0.22174503009259258,36.715149999999994,10.4944,-26.220749999999995,rcp45
37008,0.022635977182539683,0.00021274074074074072,-0.022423236441798944,18.96625,0.91565,-18.0506,rcp45
37009,0.22592644345238094,0.014393851851851852,-0.2115325916005291,37.44965,9.6646,-27.78505,rcp45
37010,0.2514387549603175,0.018787555555555557,-0.23265119940476192,38.5293,10.312650000000001,-28.216649999999998,rcp45
37011,0.24042381448412697,0.015570652777777777,-0.2248531617063492,39.15435,11.0119,-28.14245,rcp45
37018,0.21300591269841274,0.026207712962962964,-0.18679819973544978,33.05755,12.7127,-20.34485,rcp45
37019,0.1961990724206349,0.023617037037037034,-0.17258203538359784,31.09525,12.1704,-18.92485,rcp45
37020,0.2385979910714286,0.017295245370370367,-0.22130274570105823,39.064350000000005,10.8841,-28.180250000000004,rcp45
37031,0.2346861359126984,0.021005518518518517,-0.2136806173941799,35.883449999999996,12.764,-23.119449999999997,rcp45
37033,0.022563348214285715,0.00031401388888888885,-0.022249334325396827,14.70665,1.54025,-13.1664,rcp45
38001,0.2002545287698413,0.017776749999999997,-0.18247777876984128,37.396950000000004,13.1856,-24.211350000000003,rcp45
38003,0.20168355654761905,0.018739097222222223,-0.18294445932539682,37.46705,14.268799999999999,-23.19825,rcp45
38004,0.23342933035714286,0.02065536574074074,-0.21277396461640213,38.05475,12.381599999999999,-25.67315,rcp45
38007,0.06791375496031746,0.004895763888888889,-0.06301799107142857,26.38395,7.35355,-19.0304,rcp45
38012,0.029303392857142858,0.0001104074074074074,-0.02919298544973545,15.15045,1.0399,-14.11055,rcp45
38014,0.08559941468253968,0.005953361111111111,-0.07964605357142857,25.208800000000004,7.9967,-17.212100000000003,rcp45
38017,0.08099285714285714,0.006580685185185185,-0.07441217195767195,28.27555,8.15935,-20.1162,rcp45
38018,0.05490824900793651,0.0019275277777777776,-0.052980721230158734,22.5141,5.67295,-16.84115,rcp45
38021,0.21081794146825397,0.024748430555555555,-0.1860695109126984,37.870000000000005,11.273,-26.597000000000005,rcp45
38026,0.23194231150793648,0.01822370833333333,-0.21371860317460314,38.828500000000005,10.71735,-28.111150000000006,rcp45
38029,0.2212860615079365,0.01955640277777778,-0.20172965873015872,38.29755,12.1245,-26.173050000000003,rcp45
38030,0.06555750992063492,0.003578074074074074,-0.06197943584656084,24.54325,7.88555,-16.6577,rcp45
39001,0.026489285714285712,0.0009927175925925926,-0.025496568121693118,19.00945,2.6515500000000003,-16.3579,rcp45
39002,0.1783813740079365,0.022996342592592593,-0.1553850314153439,34.78985,9.830200000000001,-24.95965,rcp45
39004,0.12975969246031746,0.013470300925925925,-0.11628939153439154,36.495000000000005,10.5379,-25.957100000000004,rcp45
39005,0.03264806547619047,0.0016880601851851852,-0.030960005291005288,20.011850000000003,3.3859,-16.625950000000003,rcp45
39006,0.07756815476190476,0.005924393518518518,-0.07164376124338624,21.68855,6.5951,-15.093449999999999,rcp45
39007,0.16273976686507935,0.016717439814814817,-0.14602232705026452,31.5058,8.68555,-22.82025,rcp45
39008,0.040933487103174605,0.0026938055555555556,-0.03823968154761905,17.144399999999997,3.80455,-13.339849999999998,rcp45
39010,0.07080269345238095,0.0025625787037037036,-0.06824011474867725,23.65715,5.0032499999999995,-18.6539,rcp45
39011,0.04999437996031746,0.0023782314814814816,-0.04761614847883598,22.997500000000002,4.37195,-18.625550000000004,rcp45
39012,0.1425064236111111,0.01569723611111111,-0.12680918749999998,29.156200000000002,9.2254,-19.9308,rcp45
39014,0.07071945436507937,0.002796527777777778,-0.06792292658730159,24.332349999999998,5.6843,-18.648049999999998,rcp45
39015,0.022100406746031746,0.0011060185185185188,-0.020994388227513226,24.35095,4.2161,-20.13485,rcp45
39016,0.10173997519841269,0.009836537037037036,-0.09190343816137565,27.86645,11.167,-16.69945,rcp45
39017,0.20138973710317457,0.030343814814814817,-0.17104592228835974,36.08175,15.1889,-20.89285,rcp45
39019,0.0648629861111111,0.0021040833333333337,-0.06275890277777776,24.02665,3.31085,-20.7158,rcp45
39020,0.13205953373015872,0.01728000462962963,-0.11477952910052909,32.0412,12.266449999999999,-19.774750000000004,rcp45
39021,0.31492428571428577,0.050540509259259264,-0.26438377645502653,53.0051,15.51075,-37.49435,rcp45
39022,0.18207118055555555,0.016496708333333332,-0.1655744722222222,32.2643,12.02645,-20.237849999999998,rcp45
39023,0.03435103670634921,0.0004545787037037038,-0.033896458002645506,21.53335,1.3534,-20.179949999999998,rcp45
39025,0.03502301091269841,0.0006153796296296296,-0.03440763128306878,26.056150000000002,3.6475,-22.40865,rcp45
39027,0.023935942460317456,0.00038896759259259255,-0.023546974867724862,18.90295,1.8925,-17.01045,rcp45
39028,0.03551429563492064,0.0004199861111111111,-0.03509430952380953,23.270400000000002,2.9416,-20.3288,rcp45
39029,0.19188588789682542,0.018271324074074075,-0.17361456382275134,35.80985,12.7874,-23.02245,rcp45
39034,0.33330442956349204,0.058550273148148146,-0.2747541564153439,58.731700000000004,17.4448,-41.2869,rcp45
39035,0.026047395833333334,0.002615578703703704,-0.02343181712962963,17.6875,4.5413,-13.1462,rcp45
39036,0.06773965277777778,0.004942046296296296,-0.06279760648148149,20.57995,5.4166,-15.163350000000001,rcp45
39037,0.04246312003968254,0.0017515324074074078,-0.040711587632275135,23.7195,4.63835,-19.08115,rcp45
39042,0.036528779761904766,0.0022498425925925928,-0.03427893716931217,17.30415,3.8516500000000002,-13.4525,rcp45
39049,0.03554550595238095,0.0004755138888888889,-0.03506999206349206,20.14365,1.43645,-18.7072,rcp45
39052,0.15745885912698412,0.022117097222222225,-0.1353417619047619,31.80895,10.90955,-20.8994,rcp45
39054,0.24889553075396822,0.020695703703703702,-0.22819982705026454,40.59485,12.7039,-27.89095,rcp45
39056,0.06287573412698413,0.002595296296296296,-0.06028043783068784,23.31935,4.2128499999999995,-19.1065,rcp45
39061,0.7764328968253968,0.20656925925925923,-0.5698636375661377,51.84465,23.41005,-28.434600000000003,rcp45
39065,0.027635902777777777,0.0003901944444444445,-0.027245708333333334,16.3868,1.2924,-15.0944,rcp45
39069,0.28850618551587304,0.029389027777777778,-0.25911715773809524,45.1452,18.6665,-26.478700000000003,rcp45
39072,0.18883555555555556,0.028426611111111114,-0.16040894444444445,32.16975,10.79575,-21.374000000000002,rcp45
39078,0.05528432043650794,0.0017391805555555554,-0.053545139880952386,27.53685,4.16075,-23.3761,rcp45
39081,0.028462916666666664,0.0010736203703703704,-0.027389296296296294,15.850349999999999,2.4063,-13.444049999999999,rcp45
39087,0.15569788690476188,0.023639319444444445,-0.13205856746031744,30.2384,10.02535,-20.21305,rcp45
39088,0.08786178075396825,0.0077318657407407405,-0.08012991501322751,25.183300000000003,8.1837,-16.9996,rcp45
39095,0.044764007936507935,0.0011459444444444444,-0.04361806349206349,13.78095,1.3957,-12.385250000000001,rcp45
39099,0.31199269345238095,0.04301184722222222,-0.2689808462301587,39.1911,14.0128,-25.1783,rcp45
39101,0.617491681547619,0.2176771203703704,-0.3998145611772486,62.2389,35.5719,-26.667,rcp45
39105,0.19696003968253967,0.029670500000000002,-0.16728953968253968,38.069500000000005,15.36675,-22.702750000000005,rcp45
39108,0.036137564484126986,0.0027434166666666666,-0.03339414781746032,19.0184,4.7233,-14.2951,rcp45
39114,0.07048608630952381,0.0012916203703703703,-0.06919446593915345,24.3881,2.6048999999999998,-21.7832,rcp45
39120,2.2928955505952384,0.40124573611111114,-1.8916498144841274,93.8588,35.51175,-58.34705,rcp45
39125,0.06638500496031746,0.00030466203703703704,-0.06608034292328042,23.78165,1.3485,-22.433149999999998,rcp45
39127,0.07274915674603175,0.003256902777777778,-0.06949225396825397,24.788400000000003,4.9113500000000005,-19.877050000000004,rcp45
39141,0.1664947123015873,0.017376245370370372,-0.14911846693121694,31.69905,10.691099999999999,-21.00795,rcp45
39142,0.07179448412698414,0.0026757685185185183,-0.06911871560846562,20.5785,4.258649999999999,-16.31985,rcp45
39143,0.22171338293650797,0.02301074537037037,-0.1987026375661376,35.5242,9.707049999999999,-25.81715,rcp45
39144,0.1631638988095238,0.01602787037037037,-0.14713602843915344,31.74185,7.941800000000001,-23.80005,rcp45
40003,0.2731922916666667,0.03202070833333334,-0.24117158333333336,59.45295,19.016199999999998,-40.43675,rcp45
40004,0.31144892857142853,0.03821118055555556,-0.27323774801587297,59.2329,21.6742,-37.5587,rcp45
40005,0.3335632688492063,0.05256475462962963,-0.28099851421957667,69.98509999999999,19.487299999999998,-50.49779999999999,rcp45
40006,0.04794910714285715,0.0011896944444444444,-0.0467594126984127,21.387549999999997,1.9909499999999998,-19.3966,rcp45
40007,0.28101024305555555,0.03053705092592593,-0.2504731921296296,52.1763,17.6593,-34.516999999999996,rcp45
40009,0.04119803571428572,0.0012987407407407405,-0.03989929497354498,24.5961,2.5736,-22.0225,rcp45
40010,0.28860751488095243,0.030086949074074075,-0.2585205658068784,45.01715,15.229099999999999,-29.788050000000002,rcp45
40011,0.32890729166666666,0.04487766203703703,-0.28402962962962963,64.6516,22.272,-42.3796,rcp45
40012,0.2285976587301587,0.025439796296296294,-0.2031578624338624,41.719449999999995,15.9052,-25.814249999999994,rcp45
40013,0.45984227678571427,0.09427891203703703,-0.36556336474867723,61.493900000000004,21.9164,-39.5775,rcp45
40016,0.2422393998015873,0.024240837962962964,-0.21799856183862432,43.43065,16.5806,-26.85005,rcp45
40017,0.3262088690476191,0.03877657407407407,-0.287432294973545,60.66935,21.990000000000002,-38.67935,rcp45
40018,0.4977551140873016,0.10148810185185185,-0.39626701223544974,65.78184999999999,22.20315,-43.57869999999999,rcp45
40020,0.43529619047619045,0.06088960648148149,-0.37440658399470894,67.23005,24.08405,-43.146,rcp45
40021,0.2769588343253968,0.03882816203703704,-0.23813067228835977,63.0625,20.94945,-42.11305,rcp45
40022,0.3394316914682539,0.04733278703703704,-0.2920989044312169,60.5774,19.6137,-40.963699999999996,rcp45
40033,0.07157726686507936,0.0022019259259259258,-0.06937534093915343,42.41735,4.1373,-38.28005,rcp45
41001,0.3963409771825397,0.06156733796296297,-0.3347736392195767,46.001850000000005,19.9024,-26.099450000000004,rcp45
41003,0.23333515873015875,0.026141685185185184,-0.20719347354497358,44.60755,17.85605,-26.751500000000004,rcp45
41004,0.024842733134920636,0.0007160416666666666,-0.02412669146825397,21.038899999999998,1.9969999999999999,-19.0419,rcp45
41005,0.23187402777777777,0.024066356481481484,-0.2078076712962963,43.007549999999995,13.12275,-29.884799999999995,rcp45
41006,0.3105279910714286,0.04552200462962963,-0.26500598644179896,45.718199999999996,19.41095,-26.307249999999996,rcp45
41009,0.09198895337301587,0.009281972222222223,-0.08270698115079364,27.79455,9.39895,-18.3956,rcp45
41011,0.20996824900793648,0.02182811111111111,-0.18814013789682538,33.51545,11.36125,-22.154200000000003,rcp45
41012,0.23846929563492064,0.024069865740740742,-0.2143994298941799,39.37665,12.52635,-26.850299999999997,rcp45
41013,0.275153943452381,0.02681219907407408,-0.2483417443783069,51.077799999999996,18.180149999999998,-32.89765,rcp45
41014,0.33297419146825397,0.05101872685185185,-0.2819554646164021,44.4077,16.16865,-28.23905,rcp45
41016,0.2583641369047619,0.028227166666666664,-0.23013697023809523,46.9774,19.10085,-27.87655,rcp45
41019,0.19665439484126984,0.01564018981481482,-0.18101420502645502,36.017,10.40885,-25.608150000000002,rcp45
41020,0.14728674603174605,0.02068276851851852,-0.12660397751322752,33.35665,12.402999999999999,-20.953650000000003,rcp45
41022,0.015176011904761906,0.0005845787037037037,-0.014591433201058202,21.01145,1.8104,-19.20105,rcp45
41023,0.08136912698412699,0.004794462962962964,-0.07657466402116403,28.2446,5.48285,-22.76175,rcp45
41025,0.41811018849206355,0.08939237037037037,-0.3287178181216932,54.14175,20.1982,-33.94355,rcp45
41027,0.21139592261904766,0.020458384259259256,-0.1909375383597884,36.9671,10.84765,-26.11945,rcp45
41028,0.21110159722222221,0.020664625,-0.19043697222222222,36.7143,12.74585,-23.96845,rcp45
41029,0.23417716765873017,0.02517736574074074,-0.20899980191798945,43.9141,17.96755,-25.94655,rcp45
42001,0.015488581349206347,0.00022537962962962965,-0.015263201719576718,17.54375,1.1507,-16.39305,rcp45
42003,0.028860749007936504,0.000314625,-0.028546124007936505,22.2621,1.35425,-20.90785,rcp45
42004,0.017353090277777778,0.00022220833333333332,-0.017130881944444443,21.55415,0.8805000000000001,-20.67365,rcp45
42006,0.02000124503968254,0.00027044907407407405,-0.019730795965608464,19.3599,1.3271,-18.032799999999998,rcp45
42008,0.01698438988095238,0.00022465740740740738,-0.016759732473544973,19.088250000000002,1.0966,-17.991650000000003,rcp45
42010,0.0208478621031746,0.00019591203703703703,-0.020651950066137563,19.588099999999997,0.9190499999999999,-18.66905,rcp45
42011,0.02514424603174603,0.0005126805555555556,-0.024631565476190477,18.2087,1.4349,-16.7738,rcp45
42016,0.07307095734126984,0.0028380370370370374,-0.0702329203042328,23.96005,5.10425,-18.8558,rcp45
42017,0.07070152281746031,0.002329615740740741,-0.06837190707671957,21.939300000000003,4.2303999999999995,-17.708900000000003,rcp45
42024,0.058135793650793646,0.0026452222222222224,-0.055490571428571424,27.363300000000002,4.1879,-23.175400000000003,rcp45
42026,0.011797822420634922,0.00019268981481481478,-0.011605132605820108,19.42235,0.7326499999999999,-18.689700000000002,rcp45
42027,0.19143655257936507,0.025273101851851852,-0.1661634507275132,30.383699999999997,10.74995,-19.63375,rcp45
43005,0.06019224702380952,0.004258125,-0.05593412202380952,23.99175,5.247199999999999,-18.74455,rcp45
43006,0.07900832341269842,0.006004847222222221,-0.0730034761904762,25.2518,7.18,-18.0718,rcp45
43007,0.054565768849206345,0.00590950462962963,-0.048656264219576716,22.42825,5.2764999999999995,-17.15175,rcp45
43008,0.039693988095238095,0.001792810185185185,-0.03790117791005291,21.13845,4.39475,-16.743699999999997,rcp45
43009,0.12938822916666667,0.019760777777777776,-0.1096274513888889,30.63865,12.505099999999999,-18.13355,rcp45
43014,0.1792776388888889,0.02642,-0.1528576388888889,29.4925,11.9794,-17.5131,rcp45
43017,0.021568164682539685,0.00010088425925925925,-0.021467280423280426,19.282899999999998,0.6883,-18.594599999999996,rcp45
43018,0.02955443452380952,0.00041958796296296297,-0.02913484656084656,20.722050000000003,1.57155,-19.150500000000005,rcp45
43021,0.05501773313492063,0.004616921296296297,-0.05040081183862433,22.975450000000002,5.80715,-17.168300000000002,rcp45
44001,0.013304593253968256,0.0001533888888888889,-0.013151204365079367,20.90385,0.53635,-20.3675,rcp45
44002,0.010529672619047619,9.22638888888889e-05,-0.01043740873015873,19.06795,0.40955,-18.6584,rcp45
44006,0.019198774801587302,0.0001333472222222222,-0.01906542757936508,20.437649999999998,0.40915,-20.028499999999998,rcp45
44009,0.09016755456349207,0.012458037037037037,-0.07770951752645504,24.4899,12.3322,-12.157699999999998,rcp45
44011,0.17824809523809526,0.03193625,-0.14631184523809526,31.66805,22.8534,-8.81465,rcp45
45001,0.2857626140873016,0.02598436111111111,-0.25977825297619045,58.5797,17.92925,-40.650450000000006,rcp45
45003,0.00938251488095238,0.0007126435185185185,-0.008669871362433862,21.4039,2.22125,-19.18265,rcp45
45004,0.09695672123015874,0.004079574074074074,-0.09287714715608467,33.8523,8.7904,-25.0619,rcp45
45005,0.04801768849206349,0.0020339907407407407,-0.04598369775132275,25.776200000000003,4.08125,-21.694950000000002,rcp45
45009,0.7841770783730159,0.15408791666666666,-0.6300891617063492,120.56325000000001,46.4443,-74.11895000000001,rcp45
45012,0.24091971726190478,0.04260102777777777,-0.198318689484127,43.7629,23.71635,-20.046550000000003,rcp45
46003,0.3732042609126984,0.08820544907407407,-0.28499881183862436,57.95585,46.966449999999995,-10.989400000000003,rcp45
46005,0.8912046874999999,0.19323997685185187,-0.697964710648148,91.64945,51.138850000000005,-40.5106,rcp45
46008,0.3176929265873015,0.07768860185185184,-0.2400043247354497,46.5174,23.90175,-22.615650000000002,rcp45
46014,0.04749400793650794,0.002437449074074074,-0.045056558862433864,36.237049999999996,4.25245,-31.984599999999997,rcp45
47001,0.13177256944444443,0.011833564814814816,-0.11993900462962961,35.056,4.4235,-30.632499999999997,rcp45
47004,0.08537777777777777,0.005990981481481482,-0.07938679629629629,33.9537,3.9890999999999996,-29.964599999999997,rcp45
47005,0.2500134920634921,0.027674231481481484,-0.22233926058201062,46.13715,11.90355,-34.233599999999996,rcp45
47008,0.00763687996031746,9.688425925925927e-05,-0.007539995701058201,12.8187,0.5224500000000001,-12.29625,rcp45
47009,0.006111205357142857,0.0003733148148148148,-0.005737890542328042,6.97225,0.6654,-6.30685,rcp45
47011,0.025672118055555554,0.0036925138888888893,-0.021979604166666666,19.4389,4.377,-15.061900000000001,rcp45
47014,0.34913144345238095,0.06408930555555555,-0.2850421378968254,52.0313,30.91695,-21.11435,rcp45
47018,0.20862723214285717,0.029185254629629634,-0.17944197751322755,40.3387,17.2836,-23.055100000000003,rcp45
48003,0.03166641865079365,0.0013126342592592593,-0.03035378439153439,23.897399999999998,5.875,-18.022399999999998,rcp45
48004,0.2442821775793651,0.022070907407407407,-0.2222112701719577,51.52785,14.2027,-37.32515,rcp45
48005,0.01946424107142857,7.32824074074074e-05,-0.019390958664021164,22.3002,0.3581,-21.9421,rcp45
48011,0.005698705357142857,1.3939814814814816e-05,-0.005684765542328042,13.22215,0.0611,-13.16105,rcp45
49001,0.11399899305555555,0.007497333333333333,-0.10650165972222222,43.352999999999994,6.6305,-36.7225,rcp45
49002,0.008827638888888888,0.0,-0.008827638888888888,15.8715,0.0,-15.8715,rcp45
49004,0.0642170486111111,0.00464050462962963,-0.059576543981481475,36.1934,6.72195,-29.471449999999997,rcp45
50001,0.17885315476190478,0.024119550925925926,-0.15473360383597884,46.14145,18.110400000000002,-28.031049999999997,rcp45
50002,0.32566913194444447,0.031238250000000002,-0.29443088194444444,53.6518,16.9652,-36.6866,rcp45
50006,0.19423268849206352,0.016659499999999997,-0.17757318849206352,47.84445,11.738949999999999,-36.105500000000006,rcp45
50007,0.36341121031746026,0.055626398148148154,-0.3077848121693121,60.3425,27.91695,-32.42555,rcp45
50008,0.021038308531746035,3.435185185185185e-05,-0.021003956679894183,20.867350000000002,0.3532,-20.51415,rcp45
50011,0.4320891765873016,0.05731774074074074,-0.37477143584656086,67.28225,28.214399999999998,-39.06785000000001,rcp45
51001,0.051565927579365074,0.003072958333333334,-0.04849296924603174,24.314,8.9269,-15.3871,rcp45
52004,0.050429270833333324,0.00037905555555555555,-0.05005021527777777,23.62805,1.0067,-22.621350000000003,rcp45
52005,0.04768952876984127,0.0009710416666666666,-0.046718487103174604,25.2976,2.92075,-22.376849999999997,rcp45
52006,0.007955877976190476,7.285185185185186e-05,-0.007883026124338624,14.7318,0.29275,-14.43905,rcp45
52007,0.11834729166666666,0.01801863425925926,-0.1003286574074074,30.14295,19.1254,-11.01755,rcp45
52009,0.06889777281746033,0.006212337962962964,-0.06268543485449737,27.2238,10.050049999999999,-17.173750000000002,rcp45
52010,0.02141987103174603,5.57175925925926e-05,-0.021364153439153436,16.9849,0.18275,-16.80215,rcp45
52011,0.13157986607142858,0.02070887037037037,-0.11087099570105821,24.780050000000003,14.022400000000001,-10.757650000000002,rcp45
52015,0.16102324900793652,0.022988287037037036,-0.13803496197089948,28.91195,12.7634,-16.14855,rcp45
52016,0.035413511904761906,0.00020700462962962963,-0.035206507275132276,22.518099999999997,0.41569999999999996,-22.102399999999996,rcp45
53005,0.02478268353174603,5.9652777777777775e-05,-0.024723030753968252,21.2286,0.24364999999999998,-20.98495,rcp45
53006,0.03843374007936508,0.003869638888888888,-0.03456410119047619,17.48175,5.8141,-11.667650000000002,rcp45
53007,0.02382512400793651,5.05925925925926e-05,-0.023774531415343917,20.60135,0.177,-20.42435,rcp45
53008,0.049860014880952375,0.004137421296296297,-0.04572259358465608,19.502200000000002,5.113849999999999,-14.388350000000003,rcp45
53009,0.04532294642857143,0.0003485138888888889,-0.04497443253968254,24.07575,1.583,-22.49275,rcp45
53013,0.15069517857142858,0.02306084259259259,-0.127634335978836,27.332,10.8461,-16.4859,rcp45
53017,0.13482316964285712,0.019600203703703703,-0.11522296593915342,28.10035,11.0765,-17.02385,rcp45
53018,0.16503712797619047,0.023262796296296295,-0.14177433167989417,29.5079,11.7576,-17.7503,rcp45
53022,0.030200332341269842,7.012037037037037e-05,-0.030130211970899472,19.063499999999998,0.32155,-18.74195,rcp45
53023,0.02109563492063492,4.9189814814814815e-05,-0.021046445105820107,17.58625,0.2696,-17.31665,rcp45
53028,0.19621319940476192,0.028354930555555557,-0.16785826884920638,31.1033,12.472000000000001,-18.6313,rcp45
54001,0.31213432539682545,0.033879990740740745,-0.27825433465608473,70.3322,18.112250000000003,-52.21995,rcp45
54002,0.3048718402777778,0.03766034259259259,-0.2672114976851852,48.49594999999999,12.08885,-36.40709999999999,rcp45
54003,3.5566756944444444,1.1643863194444446,-2.392289375,136.89749999999998,120.8235,-16.073999999999984,rcp45
54004,0.30681025793650796,0.02975425925925926,-0.27705599867724867,48.48255,11.049,-37.433550000000004,rcp45
54005,0.5486203571428572,0.08740946759259259,-0.46121088955026457,88.36905,32.926,-55.44305,rcp45
54007,0.2828035218253968,0.035048259259259265,-0.24775526256613756,44.870000000000005,11.34965,-33.52035000000001,rcp45
54008,0.34183685515873014,0.04277363425925926,-0.2990632208994709,62.07645,21.18405,-40.8924,rcp45
54011,0.16573892857142858,0.013675842592592594,-0.152063085978836,24.73565,10.04505,-14.6906,rcp45
54012,0.1241856994047619,0.015477060185185186,-0.10870863921957671,31.803350000000002,10.6012,-21.202150000000003,rcp45
54015,0.278978005952381,0.03653981481481482,-0.24243819113756615,48.20175,12.181349999999998,-36.020399999999995,rcp45
54016,0.2950836160714286,0.030325462962962964,-0.2647581531084656,53.045500000000004,16.49295,-36.552550000000004,rcp45
54017,0.33105357142857145,0.051039018518518525,-0.28001455291005295,59.45795,18.6909,-40.76705,rcp45
54018,0.33087737599206357,0.036500500000000005,-0.2943768759920636,70.29535,19.5168,-50.778549999999996,rcp45
54019,0.32188115079365076,0.03781690277777778,-0.284064248015873,43.86555,12.56005,-31.3055,rcp45
54020,0.43099448908730154,0.05062462962962963,-0.3803698594576719,70.5419,23.3523,-47.1896,rcp45
54022,2.3472838789682537,0.6274362222222223,-1.7198476567460315,141.9519,87.12285,-54.829049999999995,rcp45
54024,0.018036011904761902,0.0004153055555555555,-0.017620706349206348,13.0284,1.8178999999999998,-11.2105,rcp45
54025,0.42717609126984124,0.06009066203703704,-0.3670854292328042,74.16665,23.6702,-50.49645,rcp45
54027,0.12406089781746031,0.01843557407407407,-0.10562532374338623,30.2851,12.736550000000001,-17.54855,rcp45
54028,0.8433247916666666,0.18469863425925925,-0.6586261574074074,101.3204,42.769400000000005,-58.551,rcp45
54029,0.4054594791666666,0.05215320833333333,-0.35330627083333327,72.21005,23.7361,-48.473949999999995,rcp45
54032,0.2783955109126984,0.031557444444444444,-0.24683806646825393,58.40345,17.718600000000002,-40.68485,rcp45
54034,0.3891747867063492,0.05756641203703704,-0.33160837466931214,55.2104,21.851750000000003,-33.35865,rcp45
54036,0.17883230158730157,0.020634287037037038,-0.15819801455026453,29.6063,9.5321,-20.0742,rcp45
54038,1.1223361408730161,0.30291702314814817,-0.819419117724868,110.1588,61.331450000000004,-48.827349999999996,rcp45
54044,0.05061332837301587,0.005125587962962963,-0.04548774041005291,19.34045,7.8484,-11.49205,rcp45
54048,0.25903595734126983,0.03442785185185185,-0.22460810548941798,43.18175,13.419,-29.76275,rcp45
54049,0.28336623015873014,0.03309165277777777,-0.2502745773809524,43.09065,12.35425,-30.736399999999996,rcp45
54052,0.062007207341269854,0.0067487314814814806,-0.055258475859788374,25.71575,8.83615,-16.8796,rcp45
54057,0.30578756448412703,0.030903643518518518,-0.2748839209656085,60.11255,14.023700000000002,-46.088849999999994,rcp45
54060,0.014286825396825397,0.00022099999999999995,-0.014065825396825396,14.2193,1.57355,-12.64575,rcp45
54063,0.1830500744047619,0.01769634259259259,-0.1653537318121693,25.4852,9.59195,-15.893249999999998,rcp45
54080,0.637597609126984,0.09841516666666668,-0.5391824424603173,96.5612,37.5087,-59.0525,rcp45
54095,0.3714070684523809,0.04049731481481482,-0.3309097536375661,74.428,22.228,-52.199999999999996,rcp45
54096,0.20048472718253968,0.024022615740740744,-0.17646211144179894,42.3501,12.88515,-29.464949999999998,rcp45
55002,0.3276393253968254,0.04306833796296296,-0.28457098743386244,56.1005,19.2895,-36.81099999999999,rcp45
55007,0.3920322470238095,0.03935508796296296,-0.35267715906084657,64.6109,19.68595,-44.92495,rcp45
55008,1.7787179761904761,0.4134398472222222,-1.3652781289682538,127.9985,63.7976,-64.2009,rcp45
55013,0.317069439484127,0.04561351851851852,-0.2714559209656085,55.907849999999996,22.801949999999998,-33.1059,rcp45
55014,0.5570853273809524,0.10498793981481483,-0.4520973875661376,89.85485,43.1974,-46.65745,rcp45
55016,0.6817070386904762,0.17559340740740742,-0.5061136312830687,86.7778,54.532,-32.2458,rcp45
55018,0.23252383432539686,0.030146231481481482,-0.20237760284391537,45.65405,16.39725,-29.2568,rcp45
55021,0.32202860119047616,0.04492099074074074,-0.2771076104497354,53.12835,24.39745,-28.7309,rcp45
55023,0.28552980158730157,0.03836824999999999,-0.24716155158730158,51.281400000000005,19.117649999999998,-32.16375000000001,rcp45
55025,0.2581045982142857,0.03520728240740741,-0.2228973158068783,43.7983,16.822699999999998,-26.9756,rcp45
55026,0.969824955357143,0.2452715925925926,-0.7245533627645504,99.48660000000001,60.54535,-38.94125000000001,rcp45
55029,0.3758221825396826,0.06715485648148148,-0.30866732605820113,56.7371,31.22705,-25.51005,rcp45
55032,2.5249099404761903,0.7297557083333333,-1.795154232142857,110.22819999999999,99.19265,-11.035549999999986,rcp45
56001,0.3209983779761905,0.04579719907407408,-0.27520117890211643,58.06055,20.1455,-37.91505,rcp45
56002,0.4144449454365079,0.07935331944444445,-0.33509162599206344,65.52225,31.805749999999996,-33.7165,rcp45
56007,0.4093751388888889,0.04834945833333333,-0.36102568055555556,73.7998,20.283949999999997,-53.51585000000001,rcp45
56012,0.9796558184523809,0.2867956388888889,-0.692860179563492,101.03525,62.30515,-38.73010000000001,rcp45
56013,0.45737138888888895,0.06515277314814816,-0.3922186157407408,68.37215,18.473399999999998,-49.89875000000001,rcp45
57004,0.04436371031746032,0.0006832685185185186,-0.0436804417989418,25.69915,1.8522,-23.84695,rcp45
57005,0.3857965773809524,0.0632454537037037,-0.3225511236772487,53.597049999999996,26.30435,-27.292699999999996,rcp45
57006,0.04040986111111111,0.0006030138888888888,-0.039806847222222226,26.12375,1.5423,-24.58145,rcp45
57007,0.20114965773809523,0.02884311111111111,-0.17230654662698414,42.222300000000004,21.550150000000002,-20.672150000000002,rcp45
57008,0.3656373561507936,0.08267317592592593,-0.2829641802248677,71.5658,37.10355,-34.46225,rcp45
57009,0.010338035714285715,5.556018518518518e-05,-0.01028247552910053,16.43285,0.11585,-16.317,rcp45
58001,0.0395689632936508,0.00039455555555555554,-0.03917440773809524,20.49775,0.66205,-19.8357,rcp45
58002,0.6995854117063491,0.18489536574074072,-0.5146900459656084,88.1542,39.3014,-48.8528,rcp45
58006,0.8046189682539682,0.21013862962962965,-0.5944803386243385,94.42345,43.078900000000004,-51.34455,rcp45
58008,0.23134683035714285,0.03106643055555556,-0.2002803998015873,44.5158,17.045250000000003,-27.470549999999996,rcp45
58009,0.02683035218253968,0.0004661944444444445,-0.026364157738095233,15.3092,2.00595,-13.30325,rcp45
58010,2.4087207936507937,0.8436196064814816,-1.5651011871693121,120.06925,90.22035,-29.8489,rcp45
58012,0.16830726686507938,0.02229925,-0.1460080168650794,38.81075,19.87525,-18.935499999999998,rcp45
59001,0.48759874503968254,0.09365469907407406,-0.3939440459656085,69.53645,24.6563,-44.88015,rcp45
60002,0.6307132390873016,0.09019737037037037,-0.5405158687169312,59.84335,34.805,-25.03835,rcp45
60003,0.1545285119047619,0.009269583333333333,-0.14525892857142858,32.75105,10.8144,-21.93665,rcp45
60005,0.23582416170634923,0.023641212962962965,-0.21218294874338628,48.26635,12.65335,-35.613,rcp45
60006,0.10047317956349207,0.004254314814814815,-0.09621886474867725,32.42715,4.6891,-27.738049999999998,rcp45
60010,0.02492904761904762,0.0008198564814814814,-0.02410919113756614,13.646,1.5214,-12.124600000000001,rcp45
60012,0.34510064980158733,0.05359274537037037,-0.291507904431217,59.28625,23.2753,-36.01095,rcp45
61001,0.009239632936507935,1.4351851851851853e-07,-0.009239489417989416,16.2473,0.00145,-16.24585,rcp45
61002,0.018211259920634923,0.00011206481481481481,-0.018099195105820108,24.2641,0.63195,-23.63215,rcp45
62001,0.27076283234126985,0.033558800925925926,-0.23720403141534394,54.3917,17.089,-37.3027,rcp45
63001,0.632616755952381,0.13078164814814813,-0.5018351078042329,62.01285,29.57425,-32.4386,rcp45
63004,3.4503200396825395,0.9530674074074075,-2.4972526322751323,130.46325,107.08015,-23.383099999999985,rcp45
64001,1.0742141716269842,0.2807770601851852,-0.793437111441799,93.78739999999999,38.4401,-55.34729999999999,rcp45
64002,0.32172341269841276,0.02281771759259259,-0.29890569510582016,58.255900000000004,16.07975,-42.17615000000001,rcp45
64006,0.2008181448412698,0.015621106481481482,-0.18519703835978832,50.369699999999995,12.6036,-37.766099999999994,rcp45
65001,1.693973630952381,0.2714204675925926,-1.4225531633597883,124.1567,53.06625,-71.09045,rcp45
65004,0.2592257291666667,0.024994972222222224,-0.23423075694444448,57.70535,18.00445,-39.700900000000004,rcp45
65005,0.06309604662698413,0.001756425925925926,-0.06133962070105821,30.52345,4.156750000000001,-26.3667,rcp45
65006,0.7458222073412699,0.08327799074074074,-0.6625442166005292,98.18135000000001,33.1836,-64.99775000000001,rcp45
65007,0.3491197470238095,0.036702652777777775,-0.3124170942460317,55.974900000000005,21.300449999999998,-34.67445000000001,rcp45
65008,9.853687966269842,2.0143752685185183,-7.839312697751323,264.54224999999997,137.6199,-126.92234999999997,rcp45
66001,0.8122619345238096,0.1730943287037037,-0.6391676058201059,75.47035,42.0857,-33.38464999999999,rcp45
66004,0.3994599156746032,0.05999063425925926,-0.33946928141534394,67.827,21.312150000000003,-46.514849999999996,rcp45
66006,0.9832334126984128,0.18337248611111112,-0.7998609265873017,82.6261,38.52995,-44.096149999999994,rcp45
66011,2.222590927579365,0.542614587962963,-1.679976339616402,133.2097,73.3178,-59.89189999999999,rcp45
67001,0.23244205357142855,0.02250786574074074,-0.20993418783068782,59.405100000000004,19.36655,-40.03855,rcp45
67005,1.6086862748015873,0.5180518101851852,-1.0906344646164021,115.0897,75.84255,-39.24714999999999,rcp45
67006,1.020866011904762,0.24215316203703702,-0.7787128498677249,91.48845,43.5738,-47.91465,rcp45
67008,0.18031536706349205,0.021781074074074074,-0.15853429298941799,48.6339,16.30005,-32.33385,rcp45
67010,1.6966949454365081,0.47954428240740743,-1.2171506630291007,111.1493,66.61055,-44.53874999999999,rcp45
67015,0.9929568650793652,0.23438671759259258,-0.7585701474867727,96.126,49.156800000000004,-46.9692,rcp45
67018,1.7886542658730158,0.5374215509259259,-1.2512327149470899,97.15899999999999,64.1559,-33.00309999999999,rcp45
67025,0.5655978918650794,0.10543715277777777,-0.4601607390873016,75.78795,28.88215,-46.9058,rcp45
67033,0.4160534821428572,0.05118943055555556,-0.3648640515873016,75.31405,22.77345,-52.5406,rcp45
68001,0.08488508432539682,0.010804532407407407,-0.07408055191798942,21.852449999999997,7.360099999999999,-14.492349999999998,rcp45
68003,0.16879032738095237,0.01649111111111111,-0.15229921626984128,25.46225,7.8823,-17.57995,rcp45
68004,0.01626701884920635,0.000852587962962963,-0.015414430886243386,11.38335,2.4839,-8.89945,rcp45
68005,0.12810506944444444,0.016200703703703703,-0.11190436574074074,32.59285,10.0942,-22.498649999999998,rcp45
68020,0.08448424107142857,0.011413194444444445,-0.07307104662698413,28.45205,7.83835,-20.6137,rcp45
69002,0.4557934424603175,0.05832928240740741,-0.3974641600529101,51.10565,19.473399999999998,-31.63225,rcp45
69007,0.2847297966269841,0.022600333333333333,-0.2621294632936508,38.0592,13.60015,-24.459049999999998,rcp45
69012,0.29498675595238094,0.04597643518518519,-0.24901032076719576,40.143100000000004,15.895150000000001,-24.247950000000003,rcp45
69015,0.9241835863095236,0.1404394259259259,-0.7837441603835977,75.7705,34.303200000000004,-41.467299999999994,rcp45
69017,0.3183502976190476,0.038210097222222225,-0.28014020039682536,46.501149999999996,15.296600000000002,-31.204549999999994,rcp45
69023,0.10649778273809525,0.007483606481481482,-0.09901417625661377,27.354100000000003,8.3591,-18.995000000000005,rcp45
69027,0.3581879712301587,0.029139606481481485,-0.3290483647486772,43.100750000000005,15.71585,-27.384900000000005,rcp45
69030,0.2322231150793651,0.016197212962962962,-0.21602590211640216,39.1862,10.8278,-28.3584,rcp45
69032,0.14556646825396824,0.010892449074074075,-0.13467401917989416,31.93625,9.91545,-22.0208,rcp45
69043,0.26292692956349206,0.022828902777777778,-0.2400980267857143,30.59735,12.17615,-18.4212,rcp45
70002,0.21016964781746028,0.02016537962962963,-0.19000426818783064,42.8443,13.35265,-29.491649999999996,rcp45
71001,0.3624601587301587,0.03704731481481482,-0.32541284391534386,46.3795,16.352899999999998,-30.026600000000002,rcp45
71004,0.5433364037698413,0.07338087037037036,-0.46995553339947094,59.0453,24.59225,-34.45305,rcp45
71006,0.7526785863095237,0.08829979166666665,-0.664378794642857,65.4589,25.246650000000002,-40.21225,rcp45
71008,0.4937888244047619,0.06708590740740741,-0.4267029169973545,56.468500000000006,26.56375,-29.904750000000007,rcp45
71014,0.41613208333333335,0.05233841203703704,-0.3637936712962963,47.08515,20.3892,-26.69595,rcp45
72002,0.2373931994047619,0.028453949074074072,-0.20893925033068783,39.9019,14.19435,-25.707549999999998,rcp45
72004,0.9336213045634922,0.10725814814814814,-0.8263631564153441,69.51185000000001,27.4424,-42.06945000000001,rcp45
72005,1.7491538392857144,0.3159639675925926,-1.4331898716931217,95.104,59.795100000000005,-35.308899999999994,rcp45
72007,0.0625989484126984,0.005367175925925926,-0.05723177248677248,23.84845,8.6335,-15.21495,rcp45
72009,0.9068168501984127,0.15115293055555556,-0.7556639196428572,62.030649999999994,33.889849999999996,-28.1408,rcp45
72014,0.05822692956349206,0.009259629629629628,-0.04896729993386244,21.043149999999997,9.6068,-11.436349999999997,rcp45
72015,1.6886017113095235,0.303269037037037,-1.3853326742724865,96.436,59.16395,-37.27205000000001,rcp45
73005,0.6130738343253967,0.07773198148148147,-0.5353418528439153,65.13695,28.759050000000002,-36.3779,rcp45
73009,1.8465846478174601,0.24197402777777777,-1.6046106200396824,107.8835,56.75085,-51.13265,rcp45
73010,0.6672762996031745,0.04136296296296296,-0.6259133366402115,51.40015,16.92585,-34.4743,rcp45
73011,0.4278797321428571,0.05361107870370371,-0.3742686534391534,54.63075,22.5903,-32.04045,rcp45
73014,3.6818004662698414,0.830795300925926,-2.8510051653439152,160.72019999999998,114.0042,-46.71599999999998,rcp45
73015,0.0414697123015873,0.005135736111111112,-0.036333976190476194,16.06215,7.7278,-8.334349999999999,rcp45
74001,0.8820174255952382,0.09991016203703704,-0.7821072635582011,81.30255,35.71235,-45.590199999999996,rcp45
74005,0.03948878968253968,0.0005341666666666666,-0.03895462301587301,18.281,3.02465,-15.25635,rcp45
74006,0.36432197420634926,0.03450521296296297,-0.3298167612433863,57.7821,22.8635,-34.9186,rcp45
74007,1.2416047519841271,0.20839168981481482,-1.0332130621693123,86.90865,54.35745,-32.551199999999994,rcp45
75003,2.3982485466269843,0.23001468981481482,-2.1682338568121695,110.8006,54.2754,-56.525200000000005,rcp45
75004,0.7311577876984128,0.0589340925925926,-0.6722236951058201,86.3121,26.439149999999998,-59.87295,rcp45
75017,0.03481692956349206,0.0007633287037037038,-0.034053600859788355,19.38765,3.3142,-16.07345,rcp45
76003,0.10320067460317461,0.008403013888888889,-0.09479766071428572,40.165350000000004,9.512550000000001,-30.652800000000003,rcp45
76005,0.39711690476190475,0.036843009259259256,-0.3602738955026455,51.098,17.29785,-33.80015,rcp45
76007,0.25703140873015873,0.01656913888888889,-0.24046226984126984,36.9337,12.66525,-24.26845,rcp45
76008,1.160259945436508,0.18319300462962962,-0.9770669408068783,69.87735,44.838,-25.039350000000006,rcp45
76011,1.6261692857142855,0.2525929074074074,-1.3735763783068782,99.29249999999999,63.8999,-35.39259999999999,rcp45
76014,2.2165490674603174,0.42728160648148145,-1.789267460978836,111.8395,66.04605,-45.79345000000001,rcp45
77002,1.0445077876984126,0.11837881944444445,-0.9261289682539682,86.41415,38.447,-47.967150000000004,rcp45
77003,1.5264720386904762,0.2462909166666667,-1.2801811220238095,91.61439999999999,60.26365,-31.35074999999999,rcp45
77004,0.38633658234126983,0.05276903703703704,-0.33356754530423277,42.41015,21.84765,-20.5625,rcp45
78003,0.6908962847222222,0.09665366666666667,-0.5942426180555556,54.534099999999995,23.63495,-30.899149999999995,rcp45
78004,1.7958319990079366,0.3821292592592592,-1.4137027397486772,91.68785,68.04509999999999,-23.642750000000007,rcp45
78006,1.0562460267857143,0.1062316388888889,-0.9500143878968255,71.98415,33.98125,-38.0029,rcp45
79002,1.1163808829365078,0.12786560185185186,-0.988515281084656,71.1707,28.780949999999997,-42.38975,rcp45
79003,2.0931152777777777,0.3697206435185185,-1.7233946342592592,120.4727,77.8072,-42.66550000000001,rcp45
79004,1.3191578323412698,0.2447749861111111,-1.0743828462301588,97.55895000000001,59.84685,-37.71210000000001,rcp45
79005,0.04726102678571428,0.0007148472222222222,-0.04654617956349206,21.83365,2.2822,-19.55145,rcp45
79006,1.2433630009920635,0.16920446296296293,-1.0741585380291006,94.2141,39.546350000000004,-54.66775,rcp45
80001,0.45302710317460315,0.047268740740740736,-0.40575836243386243,69.9371,34.3645,-35.5726,rcp45
80002,0.3006777529761905,0.02326685185185185,-0.27741090112433864,67.75045,25.6437,-42.106750000000005,rcp45
80003,2.2329455357142853,0.34938411574074074,-1.8835614199735446,145.85515,86.4322,-59.422950000000014,rcp45
80004,7.391909935515874,1.5237689953703706,-5.868140940145503,230.45095,132.85535,-97.59560000000002,rcp45
80005,4.267975044642857,0.958594212962963,-3.3093808316798943,171.22485,124.32765,-46.8972,rcp45
80006,0.2829023958333333,0.0070456203703703705,-0.27585677546296294,64.02305,10.9736,-53.04945,rcp45
81002,0.11440570436507935,0.005756657407407407,-0.10864904695767194,40.55195,9.30075,-31.251199999999997,rcp45
81003,0.6106015228174602,0.0553604074074074,-0.5552411154100527,79.7003,37.1822,-42.5181,rcp45
81004,0.39656274305555556,0.04084162962962963,-0.35572111342592594,62.30265,29.2013,-33.10135,rcp45
81006,1.4882509275793652,0.1981303148148148,-1.2901206127645504,111.88075,53.1249,-58.75585000000001,rcp45
81007,0.6389652678571429,0.07188428240740741,-0.5670809854497355,87.3817,43.98285,-43.398849999999996,rcp45
82001,0.3598278968253968,0.02527998148148148,-0.3345479153439153,54.97735,13.96925,-41.0081,rcp45
82003,0.5423390029761904,0.04038476388888888,-0.5019542390873015,73.53434999999999,25.7372,-47.79714999999999,rcp45
83003,1.0493795138888888,0.12316894907407405,-0.9262105648148148,69.85135,25.9756,-43.87575,rcp45
83004,0.9568437946428571,0.10009806481481483,-0.8567457298280422,66.68315,21.6854,-44.997749999999996,rcp45
83006,0.6364863541666668,0.04752745833333333,-0.5889588958333334,57.3488,18.545,-38.803799999999995,rcp45
83007,0.4949820684523809,0.03994925925925927,-0.4550328091931216,69.44454999999999,20.5288,-48.91574999999999,rcp45
83009,0.9376838392857142,0.10697422685185184,-0.8307096124338623,104.14005,33.526,-70.61404999999999,rcp45
83010,0.6650158333333334,0.05557131481481481,-0.6094445185185186,70.70805,23.39555,-47.3125,rcp45
83013,0.774031185515873,0.08190499537037035,-0.6921261901455027,69.14394999999999,20.5368,-48.60714999999999,rcp45
84001,0.3598109126984127,0.016898875,-0.3429120376984127,43.3691,16.0165,-27.352600000000002,rcp45
84004,0.9153181398809523,0.07749400462962963,-0.8378241352513227,62.225449999999995,25.9771,-36.248349999999995,rcp45
84005,0.6971875744047619,0.052706847222222214,-0.6444807271825397,59.2628,23.11535,-36.14745,rcp45
84008,0.6843299503968253,0.0643003425925926,-0.6200296078042327,78.5783,24.6339,-53.9444,rcp45
84009,0.9581837152777777,0.12157718055555555,-0.8366065347222221,78.17815,33.7725,-44.40565,rcp45
84012,0.5549793998015873,0.05047721759259259,-0.5045021822089947,78.27260000000001,21.485500000000002,-56.78710000000001,rcp45
84013,0.6896086706349207,0.05366655092592593,-0.6359421197089947,58.771699999999996,23.27595,-35.495749999999994,rcp45
84014,0.9147212053571427,0.13246630092592593,-0.7822549044312168,86.4059,35.680800000000005,-50.7251,rcp45
84016,0.7609593898809524,0.08125023611111111,-0.6797091537698412,78.62285,34.129,-44.49385,rcp45
84017,1.1205588442460317,0.12085256481481482,-0.9997062794312168,109.71285,37.9796,-71.73325,rcp45
84018,0.9917879910714285,0.102339125,-0.8894488660714285,68.0464,28.76415,-39.282250000000005,rcp45
84019,0.616511949404762,0.07334606944444445,-0.5431658799603175,68.5515,30.9531,-37.598400000000005,rcp45
84020,2.1115743452380955,0.14119691203703705,-1.9703774332010584,120.70365,32.8915,-87.81215,rcp45
84022,1.1888838938492063,0.1680764861111111,-1.0208074077380953,85.76605,35.6014,-50.16465000000001,rcp45
84026,2.8509615228174603,0.43687536111111114,-2.414086161706349,145.50764999999998,76.3541,-69.15354999999998,rcp45
84030,0.5474281101190476,0.041592000000000004,-0.5058361101190476,72.51509999999999,23.03985,-49.47524999999999,rcp45
85001,3.704078903769841,0.2114891990740741,-3.4925897046957672,102.26615,31.5261,-70.74005,rcp45
85002,1.1750367162698412,0.14209770833333332,-1.032939007936508,94.19120000000001,34.6924,-59.49880000000001,rcp45
85003,9.394386934523808,1.988401069444444,-7.405985865079364,301.45264999999995,192.2612,-109.19144999999995,rcp45
85004,3.394225515873016,0.623967013888889,-2.770258501984127,160.23325,106.13980000000001,-54.09344999999999,rcp45
88001,0.9807145337301588,0.061306125,-0.9194084087301588,114.3253,39.44205,-74.88325,rcp45
89002,9.569311934523808,2.1386231944444445,-7.430688740079364,290.9499,182.5454,-108.40450000000001,rcp45
89003,15.54073422123016,3.3975101481481476,-12.143224073082013,363.87265,182.7575,-181.11515000000003,rcp45
89005,15.608833293650793,3.263190412037037,-12.345642881613756,351.80805,202.35469999999998,-149.45335,rcp45
89007,3.1034353422619048,0.7262885787037037,-2.3771467635582013,150.23180000000002,100.18195,-50.04985000000002,rcp45
90003,13.398168432539682,2.6477086666666665,-10.750459765873016,332.92145,159.84355,-173.0779,rcp45
92001,0.8927068601190475,0.0500447824074074,-0.8426620777116401,73.99164999999999,30.38375,-43.607899999999994,rcp45
93001,4.888412395833334,0.8926776481481482,-3.9957347476851854,184.20690000000002,86.31280000000001,-97.89410000000001,rcp45
94001,4.294539087301587,0.7372388472222222,-3.5573002400793645,169.05105,68.4486,-100.60245,rcp45
95001,3.1841383234126983,0.45427016666666664,-2.729868156746032,169.24985,81.16319999999999,-88.08665000000002,rcp45
96001,3.054455982142857,0.3084145092592593,-2.746041472883598,134.91,50.366150000000005,-84.54384999999999,rcp45
96002,3.1143677628968254,0.309582337962963,-2.804785424933862,122.80935,49.0981,-73.71124999999999,rcp45
96004,9.362074017857143,1.5832592083333332,-7.77881480952381,296.72294999999997,130.62585,-166.09709999999995,rcp45
97002,1.679386334325397,0.0951175462962963,-1.5842687880291006,118.14565,40.7034,-77.44225,rcp45
101002,0.09051886408730159,0.007402282407407408,-0.08311658167989418,42.580349999999996,6.91475,-35.6656,rcp45
101005,0.05890549107142857,0.0019072129629629628,-0.056998278108465604,26.697699999999998,3.0064,-23.6913,rcp45
102001,0.039706830357142855,0.0006369212962962962,-0.03906990906084656,24.2782,1.44445,-22.83375,rcp45
106001,0.8121012202380953,0.1324451712962963,-0.679656048941799,60.5997,56.04865,-4.5510499999999965,rcp45
107001,1.0818103819444445,0.0511513287037037,-1.0306590532407407,93.7462,24.60635,-69.13985,rcp45
1001,1.245066388888889,0.10939999074074074,-1.1356663981481483,102.89065,44.03605,-58.85459999999999,rcp60
2001,2.9214454265873018,0.3562984351851852,-2.5651469914021163,128.6105,61.60675,-67.00375,rcp60
2002,4.092241706349206,0.5054621527777778,-3.5867795535714286,176.31529999999998,64.5797,-111.73559999999998,rcp60
3003,4.119259201388889,0.6669446666666666,-3.4523145347222224,173.62935,68.7046,-104.92474999999999,rcp60
4001,4.113160262896825,0.6517723657407408,-3.461387897156084,177.78235,85.2699,-92.51245,rcp60
4003,7.846346498015873,1.3905034212962963,-6.455843076719576,215.8662,113.4776,-102.3886,rcp60
4005,6.557018888888889,1.290238453703704,-5.266780435185185,225.1814,111.37765,-113.80375,rcp60
4006,4.345498070436507,0.9284751203703703,-3.417022950066137,177.22390000000001,101.79145,-75.43245000000002,rcp60
5003,6.192450793650794,1.0941008657407407,-5.0983499279100535,225.4054,120.08160000000001,-105.32379999999998,rcp60
6007,4.433514499007936,0.7004830740740741,-3.733031424933862,145.95085,109.24855,-36.70230000000001,rcp60
6008,4.520201413690477,0.8813945185185185,-3.638806895171958,133.8329,91.88884999999999,-41.944050000000004,rcp60
7001,14.594086542658731,3.5083990509259264,-11.085687491732806,271.0403,163.17610000000002,-107.86419999999998,rcp60
7002,8.571006984126983,2.04689987962963,-6.524107104497354,197.0117,136.19029999999998,-60.82140000000001,rcp60
7003,3.2063960119047614,0.6209739027777779,-2.5854221091269833,110.3945,75.51315,-34.88135,rcp60
7005,3.3919742708333334,0.7018259351851852,-2.690148335648148,113.9599,64.8455,-49.1144,rcp60
7006,5.392469672619048,1.1471479398148148,-4.245321732804233,185.89870000000002,88.9941,-96.90460000000002,rcp60
8004,7.023122142857143,1.6754546666666665,-5.347667476190477,194.15845,118.4856,-75.67284999999998,rcp60
8005,12.803416706349207,1.9997813101851851,-10.803635396164022,222.02859999999998,119.13065,-102.89794999999998,rcp60
8006,5.728788328373016,1.1934770231481484,-4.535311305224868,157.1858,98.26335,-58.92245,rcp60
8009,7.234082624007938,1.8528279907407408,-5.381254633267197,164.76,126.31105,-38.448949999999996,rcp60
8011,5.6120746875,1.3044826944444445,-4.3075919930555555,182.48160000000001,91.67005,-90.81155000000001,rcp60
8013,16.354028665674605,3.609088009259259,-12.744940656415345,278.5603,150.01389999999998,-128.5464,rcp60
9002,2.925421468253968,0.46455929629629633,-2.4608621719576718,132.4341,71.15469999999999,-61.27940000000001,rcp60
9003,2.438771527777778,0.32866827314814817,-2.11010325462963,111.9797,77.0339,-34.94579999999999,rcp60
9004,3.4211490376984126,0.5256106388888889,-2.895538398809524,165.5784,82.2264,-83.35199999999999,rcp60
9005,6.546216438492063,1.3598514305555556,-5.186365007936508,195.31375,107.15435,-88.1594,rcp60
10002,0.8519934523809525,0.05415316666666667,-0.7978402857142858,86.21180000000001,37.50215,-48.70965000000001,rcp60
10003,0.9287711755952381,0.055057861111111106,-0.873713314484127,76.15639999999999,31.0502,-45.10619999999999,rcp60
11001,2.4822228769841272,0.28998325462962965,-2.1922396223544975,122.48835,55.31815,-67.1702,rcp60
11003,5.392222371031746,1.039309648148148,-4.352912722883598,155.0499,91.1194,-63.93050000000001,rcp60
11004,2.25916154265873,0.3075706759259259,-1.9515908667328041,125.66365,56.79345,-68.87020000000001,rcp60
12001,8.771816532738095,1.626706296296296,-7.145110236441798,169.15865000000002,110.33335,-58.82530000000003,rcp60
12002,6.0661777926587295,0.9823248287037039,-5.083852963955025,150.8388,81.65735000000001,-69.18144999999998,rcp60
12005,14.531594171626985,2.615986375,-11.915607796626984,234.4389,136.0871,-98.3518,rcp60
12006,6.870678249007936,1.5674825416666665,-5.30319570734127,147.6951,104.4454,-43.24969999999999,rcp60
12007,13.893073943452382,3.0777516342592595,-10.815322309193123,248.1071,135.18984999999998,-112.91725000000002,rcp60
12008,2.8518946329365082,0.26367853703703703,-2.588216095899471,140.63655,60.55629999999999,-80.08025,rcp60
12009,5.228833497023809,0.5027741620370371,-4.726059334986772,169.0629,68.97815,-100.08475000000001,rcp60
13001,0.6357650198412699,0.055041884259259266,-0.5807231355820106,51.48295,24.294150000000002,-27.1888,rcp60
13004,4.637768080357143,0.5930770601851852,-4.044691020171958,134.59195,55.5475,-79.04445,rcp60
13005,0.3087645188492063,0.008302430555555556,-0.30046208829365073,36.7334,8.6859,-28.047500000000003,rcp60
13007,5.102484216269842,0.5994482638888889,-4.5030359523809524,142.5211,57.290400000000005,-85.23069999999998,rcp60
13008,4.380909176587302,0.30596987037037043,-4.0749393062169315,105.21459999999999,45.28815,-59.92644999999999,rcp60
14001,0.3311113988095238,0.02752353240740741,-0.3035878664021164,50.06325,21.689549999999997,-28.3737,rcp60
14002,0.5172415029761903,0.02203638425925926,-0.49520511871693107,34.823,17.1224,-17.7006,rcp60
14005,0.42551389384920635,0.0235996712962963,-0.40191422255291004,47.3507,15.24455,-32.10615,rcp60
15006,5.231024866071429,0.8089347731481481,-4.422090092923281,144.1144,59.2906,-84.82379999999999,rcp60
15007,5.751187425595237,1.0101032546296296,-4.741084170965608,172.99895,83.37965,-89.61930000000001,rcp60
15010,3.855757182539683,0.4576507361111111,-3.3981064464285717,122.22040000000001,50.980500000000006,-71.2399,rcp60
15011,119.09947205853175,20.623645194444443,-98.47582686408731,555.7760499999999,249.05759999999998,-306.71844999999996,rcp60
15012,8.491073313492063,1.1642136064814816,-7.3268597070105805,173.6286,68.8969,-104.7317,rcp60
15013,5.6194901785714295,1.136451912037037,-4.483038266534392,143.53795,91.67165,-51.866299999999995,rcp60
15014,4.853844885912698,0.8685670601851851,-3.985277825727513,132.60205,64.1927,-68.40934999999999,rcp60
15016,5.181150322420635,1.0227183379629632,-4.158431984457671,192.8749,86.56585000000001,-106.30904999999998,rcp60
15021,1.025865744047619,0.04826242129629631,-0.9776033227513228,64.19975,26.296,-37.903749999999995,rcp60
15023,5.902921830357142,1.1463563935185186,-4.756565436838624,155.8558,101.45335,-54.40244999999999,rcp60
15024,8.084372896825396,1.4681397824074076,-6.616233114417989,237.26999999999998,101.46385000000001,-135.80614999999997,rcp60
15025,4.199024389880952,0.6692964027777778,-3.529727987103174,129.1917,57.39675,-71.79495,rcp60
15030,0.8114213095238094,0.06176734722222221,-0.7496539623015872,52.7859,33.8388,-18.9471,rcp60
15039,13.137238630952382,2.8861030324074077,-10.251135598544973,237.64659999999998,114.89935,-122.74724999999998,rcp60
16001,3.0319264384920634,0.5595094583333333,-2.47241698015873,103.12610000000001,58.3574,-44.76870000000001,rcp60
16003,5.117383095238095,1.1667792222222222,-3.950603873015873,165.3581,90.67765,-74.68045000000001,rcp60
16004,2.111062058531746,0.29663226388888886,-1.8144297946428574,79.41475,46.84985,-32.564899999999994,rcp60
17001,3.1041784523809524,0.6014981805555555,-2.5026802718253967,185.285,93.01385,-92.27114999999999,rcp60
17003,0.7360278224206349,0.09196858333333333,-0.6440592390873016,75.21615,29.1835,-46.032650000000004,rcp60
17004,0.06704229166666667,0.0008551805555555555,-0.06618711111111111,26.84655,2.61435,-24.2322,rcp60
17005,0.7885618501984127,0.12278995833333334,-0.6657718918650795,80.6154,35.1385,-45.47689999999999,rcp60
17015,3.0716622966269838,0.7032628101851851,-2.3683994864417985,148.10135000000002,103.7694,-44.33195000000002,rcp60
17018,0.9535801984126985,0.1597595925925926,-0.7938206058201058,74.97710000000001,46.569649999999996,-28.40745000000001,rcp60
18001,2.5944556597222226,0.5454673842592592,-2.048988275462963,112.7991,72.1046,-40.69449999999999,rcp60
18002,2.8314291319444447,0.6668755694444445,-2.1645535625,137.6635,98.31139999999999,-39.35210000000001,rcp60
18003,0.5405022519841269,0.035181416666666666,-0.5053208353174603,60.03565,31.127699999999997,-28.90795,rcp60
18008,4.8846880257936505,1.0041172962962963,-3.880570729497354,184.3157,77.28085,-107.03484999999999,rcp60
18010,1.1519463888888888,0.14936758333333333,-1.0025788055555553,87.07045,42.30955,-44.76089999999999,rcp60
18011,2.4971802182539684,0.5182066203703704,-1.978973597883598,127.553,65.3353,-62.217699999999994,rcp60
18014,0.8887937847222223,0.10971713425925926,-0.779076650462963,74.79795,38.247099999999996,-36.550850000000004,rcp60
18017,10.757997227182539,2.132090143518518,-8.625907083664021,295.0529,143.09735,-151.95555000000002,rcp60
18018,6.226284677579366,1.3717396898148149,-4.854544987764551,203.08235,92.76065,-110.32169999999999,rcp60
19001,0.5638465525793651,0.0705639537037037,-0.4932825988756614,56.8198,27.99655,-28.82325,rcp60
19006,0.507779365079365,0.05104488425925926,-0.4567344808201058,48.39605,26.3061,-22.08995,rcp60
19010,0.0697436755952381,0.0014920833333333335,-0.06825159226190476,27.9904,4.50875,-23.481650000000002,rcp60
19017,0.48253480158730155,0.04564396759259259,-0.43689083399470896,45.8748,20.91745,-24.95735,rcp60
19020,1.1567054662698413,0.1917605277777778,-0.9649449384920634,93.7337,47.417550000000006,-46.31614999999999,rcp60
20002,0.08231846230158729,0.0017209953703703706,-0.08059746693121692,36.76395,6.12305,-30.640900000000002,rcp60
20003,0.6685510664682539,0.053078773148148156,-0.6154722933201058,58.4685,18.56525,-39.90325,rcp60
20007,0.7623551140873017,0.06475749074074075,-0.697597623346561,73.62905,28.27435,-45.35470000000001,rcp60
21003,1.0433149553571428,0.1054178148148148,-0.937897140542328,73.1464,30.902250000000002,-42.24415,rcp60
21006,1.431056314484127,0.14190835185185185,-1.2891479626322753,80.65285,36.93385,-43.719,rcp60
21008,0.6517407242063492,0.06846234722222222,-0.583278376984127,65.20885,20.83445,-44.374399999999994,rcp60
21009,0.9524923462301587,0.08553767592592593,-0.8669546703042328,69.18955,24.076700000000002,-45.112849999999995,rcp60
21011,1.9409077827380952,0.16731700462962965,-1.7735907781084654,95.18245,44.01165,-51.1708,rcp60
21012,1.058645744047619,0.13475685185185182,-0.9238888921957671,89.09385,46.6083,-42.48555,rcp60
21013,1.907115441468254,0.3618418564814815,-1.5452735849867727,84.36545000000001,57.03675,-27.328700000000012,rcp60
21015,1.522884642857143,0.21839443055555557,-1.3044902123015873,77.26895,50.5959,-26.673050000000003,rcp60
21016,0.5091911458333334,0.044388083333333335,-0.46480306250000003,65.5118,29.6374,-35.874399999999994,rcp60
21017,3.3503510218253973,0.6709927175925926,-2.679358304232805,149.22140000000002,93.60815,-55.61325000000002,rcp60
21018,0.6735841865079365,0.07039327314814815,-0.6031909133597884,52.44605,27.626800000000003,-24.819249999999997,rcp60
21022,1.0145732341269842,0.0914699722222222,-0.923103261904762,79.21905,29.698349999999998,-49.5207,rcp60
21023,0.6673471775793651,0.0708425324074074,-0.5965046451719578,71.4468,31.8667,-39.580099999999995,rcp60
21024,0.9791603174603174,0.13318248148148149,-0.8459778359788359,81.58574999999999,45.99085,-35.59489999999999,rcp60
21026,4.826448278769842,1.1590953055555557,-3.667352973214286,169.22480000000002,129.39435,-39.83045000000001,rcp60
21027,0.7798363343253969,0.06713346296296296,-0.7127028713624339,64.11395,22.0035,-42.11045,rcp60
22001,1.462992425595238,0.15768724537037038,-1.3053051802248676,88.91095,38.63685,-50.2741,rcp60
22006,0.4562665773809524,0.016807467592592593,-0.4394591097883598,51.0774,15.10415,-35.97324999999999,rcp60
22007,0.7883748958333334,0.06650128703703703,-0.7218736087962964,69.3063,23.134349999999998,-46.171949999999995,rcp60
22009,1.9205932291666665,0.25596625925925925,-1.6646269699074072,116.7701,54.45245,-62.31765,rcp60
23001,1.379131111111111,0.1699546851851852,-1.209176425925926,92.8423,33.8818,-58.960499999999996,rcp60
23004,1.5622804265873018,0.2355307685185185,-1.3267496580687834,98.65465,47.1202,-51.53445000000001,rcp60
23006,2.221622544642857,0.33581984722222225,-1.8858026974206348,111.83605,59.643299999999996,-52.192750000000004,rcp60
23007,1.641626423611111,0.2567483935185185,-1.3848780300925925,99.28524999999999,47.3665,-51.91874999999999,rcp60
23008,1.5122968105158732,0.19673411574074073,-1.3155626947751324,106.9632,45.948949999999996,-61.014250000000004,rcp60
23011,2.2001774801587306,0.33970464814814816,-1.8604728320105823,117.22344999999999,59.71015,-57.51329999999999,rcp60
23016,0.13943106646825396,0.0039254351851851855,-0.13550563128306878,27.226300000000002,6.9628499999999995,-20.263450000000002,rcp60
24001,2.0384739186507934,0.33767974074074075,-1.7007941779100526,109.90535,51.446349999999995,-58.459,rcp60
24003,3.1475882688492067,0.6020243055555556,-2.545563963293651,133.73925,79.56255,-54.1767,rcp60
24004,1.5812998611111113,0.22742339814814816,-1.3538764629629632,107.5757,43.77675,-63.79895,rcp60
24005,0.8880336458333333,0.07623143981481481,-0.8118022060185185,92.9779,24.212699999999998,-68.76520000000001,rcp60
25001,2.265699751984127,0.4083484444444444,-1.8573513075396826,114.89224999999999,61.428349999999995,-53.463899999999995,rcp60
25003,5.053450029761905,1.2017614953703704,-3.8516885343915344,167.5491,131.22575,-36.323350000000005,rcp60
25006,2.235109280753968,0.47853549074074075,-1.7565737900132272,112.57235,69.6395,-42.93285,rcp60
25012,2.693408442460317,0.40252760648148145,-2.2908808359788355,131.10045000000002,63.7461,-67.35435000000003,rcp60
25020,0.6906622668650794,0.05491900462962963,-0.6357432622354497,80.8383,21.21835,-59.61995,rcp60
25021,0.7468040823412698,0.05387166203703703,-0.6929324203042329,82.18405,19.18825,-62.9958,rcp60
25029,0.5969136755952382,0.03828960648148148,-0.5586240691137567,55.807950000000005,20.3935,-35.41445,rcp60
26003,0.6003962301587301,0.030080518518518517,-0.5703157116402116,46.8137,17.5223,-29.291399999999996,rcp60
26005,6.273749201388888,0.6695205601851852,-5.604228641203703,129.02495,58.11945,-70.90549999999999,rcp60
26006,1.203877748015873,0.12637949074074076,-1.0774982572751324,89.42939999999999,33.170249999999996,-56.25914999999999,rcp60
26008,0.2013180902777778,0.008371620370370371,-0.19294646990740744,36.54575,7.9178999999999995,-28.62785,rcp60
26009,1.2588899355158727,0.12156853703703704,-1.1373213984788357,91.04795,35.0904,-55.95755,rcp60
27001,0.07282180555555556,0.0005703657407407406,-0.07225143981481483,24.5229,1.3667,-23.1562,rcp60
27002,1.3044313839285715,0.14826963425925926,-1.1561617496693122,86.4443,35.7672,-50.677099999999996,rcp60
27003,0.5573669692460318,0.04418696296296297,-0.5131800062830688,56.92165,21.36055,-35.561099999999996,rcp60
27006,0.7531287450396825,0.05953639814814815,-0.6935923468915344,77.1999,26.232750000000003,-50.96715,rcp60
27007,1.8885864682539681,0.29355676851851853,-1.5950296997354496,94.63005000000001,49.712599999999995,-44.91745000000002,rcp60
27009,0.8581164236111113,0.06503298148148148,-0.7930834421296298,69.72135,21.94825,-47.7731,rcp60
27021,0.4787262152777778,0.04214326851851852,-0.4365829467592593,61.17105,20.88395,-40.2871,rcp60
27023,0.589201121031746,0.06831854629629629,-0.5208825747354497,61.00425,27.189500000000002,-33.81475,rcp60
27025,0.07139277281746031,0.0007008842592592592,-0.07069188855820105,17.779600000000002,1.8612,-15.918400000000002,rcp60
27026,0.4627391666666667,0.047219365740740746,-0.41551980092592594,60.9285,21.85355,-39.07495,rcp60
27029,0.7620775892857141,0.07125380555555556,-0.6908237837301585,72.26205,24.0541,-48.207950000000004,rcp60
27030,0.04003008928571428,0.0006366111111111112,-0.039393478174603175,16.57685,1.8718,-14.70505,rcp60
27032,0.29492844742063495,0.013710194444444445,-0.2812182529761905,70.33155,18.8878,-51.443749999999994,rcp60
27034,1.7620004761904764,0.30811560648148145,-1.453884869708995,99.13175,53.06545,-46.0663,rcp60
27035,0.5861249900793651,0.07622805555555555,-0.5098969345238096,63.0878,23.63955,-39.44825,rcp60
27038,1.152294717261905,0.12087912037037038,-1.0314155968915346,85.001,28.12085,-56.88015,rcp60
27041,0.570856681547619,0.0382060462962963,-0.5326506352513227,62.643299999999996,18.3354,-44.3079,rcp60
27042,1.9041534275793652,0.1664390925925926,-1.7377143349867725,130.5882,40.3173,-90.2709,rcp60
27043,1.300737380952381,0.17251781944444444,-1.1282195615079367,94.4452,48.6923,-45.7529,rcp60
27047,2.8582257192460316,0.5610488379629629,-2.2971768812830686,111.91935000000001,78.06944999999999,-33.84990000000002,rcp60
27049,1.3308749255952381,0.11697269444444444,-1.2139022311507937,110.34375,31.3553,-78.98845,rcp60
27051,0.9684658581349206,0.15831282870370372,-0.8101530294312169,84.92275000000001,37.997,-46.92575000000001,rcp60
27062,0.6179108432539682,0.029657865740740738,-0.5882529775132275,59.48935,18.7634,-40.72595,rcp60
27064,0.2294317261904762,0.00845863888888889,-0.2209730873015873,34.721000000000004,8.895299999999999,-25.825700000000005,rcp60
27065,0.7992071081349207,0.08395241666666667,-0.715254691468254,83.51795000000001,30.94435,-52.57360000000001,rcp60
27071,0.6931419742063492,0.06250081944444444,-0.6306411547619047,70.78835000000001,25.171,-45.61735000000001,rcp60
27073,1.4959354017857143,0.18043288425925927,-1.315502517526455,91.53485,36.59015,-54.944700000000005,rcp60
27077,0.057315044642857145,0.001439412037037037,-0.05587563260582011,24.35985,4.0622,-20.29765,rcp60
27079,0.3918637797619048,0.02354893518518518,-0.3683148445767196,50.9481,13.911850000000001,-37.036249999999995,rcp60
27080,0.6513442410714285,0.06802603703703702,-0.5833182040343915,61.856300000000005,24.662750000000003,-37.19355,rcp60
27084,0.7773350694444444,0.09612659722222222,-0.6812084722222222,73.41295,28.07115,-45.34179999999999,rcp60
27087,0.07449481646825395,0.0020114814814814813,-0.07248333498677248,25.4737,7.58105,-17.89265,rcp60
27089,0.9970326686507935,0.11157010185185184,-0.8854625667989418,78.1619,31.4135,-46.748400000000004,rcp60
27090,1.749850763888889,0.3071605231481481,-1.442690240740741,108.80905,52.7275,-56.08155,rcp60
28001,1.635114146825397,0.2743052037037037,-1.3608089431216932,108.45145,61.2845,-47.16694999999999,rcp60
28003,0.030293968253968254,0.000678162037037037,-0.029615806216931218,20.3453,2.8991,-17.4462,rcp60
28008,0.5453078521825397,0.0818386574074074,-0.4634691947751324,59.08485,27.450850000000003,-31.634,rcp60
28009,0.3413733134920635,0.02345062037037037,-0.31792269312169313,47.215900000000005,15.05675,-32.159150000000004,rcp60
28012,0.3105659226190476,0.03230283796296297,-0.2782630846560846,44.266549999999995,17.88445,-26.382099999999994,rcp60
28015,0.3284100892857143,0.028207462962962962,-0.30020262632275135,48.33975,16.670949999999998,-31.668800000000005,rcp60
28018,0.3806344295634921,0.045514134259259265,-0.3351202953042328,47.3724,18.857300000000002,-28.515099999999997,rcp60
28022,0.3583317559523809,0.033974912037037036,-0.3243568439153439,49.52265,18.9375,-30.58515,rcp60
28023,0.6855628422619047,0.07015371296296297,-0.6154091292989416,69.01219999999999,23.4929,-45.519299999999994,rcp60
28024,0.3651964186507936,0.032479125,-0.3327172936507936,46.5241,17.156599999999997,-29.3675,rcp60
28026,0.1687236607142857,0.00862749537037037,-0.16009616534391535,36.613600000000005,7.4719999999999995,-29.141600000000004,rcp60
28031,0.9964768948412698,0.17289019444444445,-0.8235867003968254,71.9668,35.0621,-36.904700000000005,rcp60
28033,1.175477132936508,0.1999529351851852,-0.9755241977513227,88.0958,41.406000000000006,-46.68979999999999,rcp60
28039,0.3960123363095238,0.04548858333333333,-0.3505237529761905,57.201899999999995,23.9039,-33.297999999999995,rcp60
28040,0.018581463293650794,0.0003355462962962963,-0.0182459169973545,13.78255,1.6696,-12.112950000000001,rcp60
28043,0.6538674305555555,0.057627578703703705,-0.5962398518518518,69.67925,22.2055,-47.473749999999995,rcp60
28044,0.28743079365079366,0.01696969907407407,-0.2704610945767196,37.4304,16.80185,-20.628549999999997,rcp60
28046,0.7131320783730158,0.1065132037037037,-0.6066188746693122,64.0053,29.6402,-34.365100000000005,rcp60
28048,0.42499977678571427,0.043535939814814816,-0.3814638369708995,59.664,21.714599999999997,-37.949400000000004,rcp60
28050,0.04315054563492063,0.0009260370370370371,-0.04222450859788359,18.4231,2.32755,-16.095550000000003,rcp60
28052,0.05652388888888889,0.0025345185185185184,-0.05398937037037037,23.597450000000002,3.6469,-19.950550000000003,rcp60
28055,0.4619256944444444,0.04994291203703703,-0.4119827824074074,57.133399999999995,22.199550000000002,-34.93384999999999,rcp60
28056,0.2716021626984127,0.015259578703703704,-0.256342583994709,41.677,10.85125,-30.82575,rcp60
28060,0.022438501984126984,0.00019790740740740739,-0.022240594576719577,15.2712,1.63235,-13.63885,rcp60
28066,0.08954227678571429,0.0029864166666666667,-0.08655586011904762,24.01045,4.4381,-19.57235,rcp60
28067,0.3006534672619048,0.009343703703703703,-0.2913097635582011,39.5811,7.1076,-32.4735,rcp60
28072,0.3545139236111111,0.028878851851851853,-0.32563507175925926,47.0079,17.7663,-29.2416,rcp60
28074,0.2740388541666666,0.01672459722222222,-0.25731425694444443,41.0824,12.18275,-28.89965,rcp60
28080,0.09219491567460318,0.0019659074074074075,-0.09022900826719578,19.26655,3.768,-15.498549999999998,rcp60
28081,0.02638722222222222,0.0006037962962962963,-0.025783425925925925,19.83405,2.7643999999999997,-17.069650000000003,rcp60
28082,0.32275059027777775,0.02626584259259259,-0.2964847476851852,46.895250000000004,12.5898,-34.30545000000001,rcp60
28085,0.36746025793650794,0.02484275462962963,-0.3426175033068783,50.5703,17.00335,-33.566950000000006,rcp60
28091,0.026388789682539684,0.00010875000000000001,-0.026280039682539683,15.81815,0.44525000000000003,-15.3729,rcp60
28093,0.2927680109126984,0.018567819444444446,-0.2742001914682539,41.935649999999995,13.72965,-28.205999999999996,rcp60
28115,0.04969194444444444,0.0005525972222222221,-0.04913934722222222,17.1864,1.90365,-15.282749999999998,rcp60
28116,0.029016815476190477,0.0004261157407407407,-0.028590699735449737,15.99545,1.9162,-14.07925,rcp60
28117,0.6189920734126985,0.05146951388888889,-0.5675225595238096,64.78955,19.93575,-44.85380000000001,rcp60
29002,0.06278414186507936,0.0025262685185185184,-0.06025787334656084,21.1588,6.41675,-14.742049999999999,rcp60
29003,0.07004038690476191,0.00325025925925926,-0.06679012764550266,20.809350000000002,7.84225,-12.967100000000002,rcp60
29005,0.19868707341269842,0.010880180555555556,-0.18780689285714286,32.7633,8.79335,-23.96995,rcp60
29009,0.014437222222222223,0.0003119907407407407,-0.014125231481481482,11.364149999999999,2.9103499999999998,-8.4538,rcp60
30001,0.055002728174603166,0.0012812175925925925,-0.05372151058201057,16.375,2.9610999999999996,-13.4139,rcp60
30004,0.16862086805555557,0.005311449074074074,-0.1633094189814815,35.408699999999996,6.8864,-28.522299999999994,rcp60
30005,0.13350667162698415,0.00555974537037037,-0.12794692625661377,28.84815,8.13825,-20.7099,rcp60
30011,0.05249093253968254,0.0018287546296296294,-0.05066217791005291,19.2431,6.1561,-13.086999999999998,rcp60
30012,0.162273685515873,0.007470027777777777,-0.15480365773809523,32.25295,8.26725,-23.985699999999998,rcp60
30014,0.24771891865079362,0.01578790277777778,-0.23193101587301584,45.76035,10.8287,-34.931650000000005,rcp60
30015,0.120879126984127,0.004949550925925927,-0.11592957605820108,27.00535,7.9351,-19.07025,rcp60
31002,0.20661097718253968,0.01303828703703704,-0.19357269014550263,36.72815,10.604500000000002,-26.123649999999998,rcp60
31006,0.06341170634920634,0.0012647824074074072,-0.06214692394179894,23.29375,3.8184,-19.47535,rcp60
31010,0.3586299652777778,0.03049762037037037,-0.32813234490740745,54.1767,17.027549999999998,-37.14915,rcp60
31021,0.3675165376984127,0.03326113425925926,-0.33425540343915344,50.402100000000004,15.426950000000001,-34.97515,rcp60
31023,0.42492469246031744,0.04294437962962963,-0.3819803128306878,54.0366,23.694049999999997,-30.342550000000003,rcp60
31025,0.4640726091269841,0.05164335185185185,-0.41242925727513224,57.9256,20.783099999999997,-37.142500000000005,rcp60
32003,0.32626571924603176,0.03171081481481482,-0.29455490443121696,45.61695,18.7077,-26.909250000000004,rcp60
32004,0.3552541071428571,0.0424427962962963,-0.3128113108465608,53.31975,18.460250000000002,-34.8595,rcp60
32006,0.25889890376984126,0.023517254629629628,-0.23538164914021165,44.2686,12.6953,-31.5733,rcp60
32008,0.3115894742063492,0.0330353287037037,-0.2785541455026455,44.8287,14.415,-30.4137,rcp60
33006,0.3060151736111111,0.017690314814814815,-0.28832485879629627,43.7274,12.721,-31.006400000000003,rcp60
33007,0.32565364087301585,0.014886578703703704,-0.31076706216931216,53.3095,15.4245,-37.885,rcp60
33012,0.22949383928571426,0.029553384259259262,-0.199940455026455,41.0279,18.28905,-22.738850000000003,rcp60
33013,0.026778556547619046,0.0005882037037037037,-0.02619035284391534,12.481349999999999,2.8827499999999997,-9.5986,rcp60
33014,0.2428475148809524,0.015285152777777776,-0.22756236210317463,37.240700000000004,11.9917,-25.249000000000002,rcp60
33018,0.3125428571428571,0.040852259259259255,-0.27169059788359784,49.4745,16.47175,-33.00275,rcp60
33019,0.11204297123015873,0.002532736111111111,-0.10951023511904762,29.92245,6.54005,-23.3824,rcp60
33020,0.5073683234126984,0.12730812962962962,-0.3800601937830688,47.21625,23.65635,-23.559900000000003,rcp60
33021,0.056767296626984126,0.0031319027777777777,-0.05363539384920635,21.87915,5.6583000000000006,-16.22085,rcp60
33022,0.054818020833333335,0.0030498055555555556,-0.05176821527777778,19.8459,6.0281,-13.8178,rcp60
33023,0.07787822420634921,0.002427763888888889,-0.07545046031746032,26.5445,4.649050000000001,-21.895449999999997,rcp60
33024,0.03980907242063492,0.0014449398148148147,-0.038364132605820105,23.56325,4.07455,-19.4887,rcp60
33026,0.1867559474206349,0.017271652777777778,-0.1694842946428571,33.80635,17.45475,-16.3516,rcp60
33028,0.16180451884920632,0.01400600925925926,-0.14779850958994706,31.61925,12.7899,-18.82935,rcp60
33029,0.2668564484126984,0.016356745370370372,-0.25049970304232805,41.75365,11.212150000000001,-30.5415,rcp60
33031,0.20747441964285715,0.024601486111111112,-0.18287293353174605,36.43625,18.5124,-17.92385,rcp60
33032,0.019461349206349208,0.00020411574074074074,-0.019257233465608467,16.7553,0.57365,-16.181649999999998,rcp60
33033,0.08584836805555557,0.008325074074074073,-0.0775232939814815,29.0831,9.256450000000001,-19.82665,rcp60
33034,0.17919071924603175,0.009004208333333333,-0.17018651091269843,38.51755,10.343150000000001,-28.1744,rcp60
33035,0.08018444940476191,0.002438768518518518,-0.0777456808862434,27.76615,5.3466000000000005,-22.41955,rcp60
33039,0.22174702876984126,0.02557376851851852,-0.19617326025132273,39.2742,17.8793,-21.3949,rcp60
33053,0.08280599206349207,0.005350300925925926,-0.07745569113756615,26.56195,6.4758,-20.08615,rcp60
33054,0.3997868303571429,0.03211562962962963,-0.36767120072751325,61.256,22.399050000000003,-38.85695,rcp60
33058,0.23280368551587302,0.028765226851851858,-0.20403845866402115,40.6042,18.39235,-22.21185,rcp60
34002,0.2649924801587301,0.012449435185185185,-0.2525430449735449,44.66055,12.43795,-32.2226,rcp60
34003,0.32772007440476186,0.014698342592592593,-0.31302173181216925,45.2691,12.239149999999999,-33.02995,rcp60
34004,0.3474258829365079,0.015041759259259258,-0.3323841236772486,51.1616,12.9877,-38.1739,rcp60
34005,0.1213331498015873,0.0022417453703703705,-0.11909140443121692,30.155500000000004,7.4978,-22.657700000000006,rcp60
34006,0.18809744047619048,0.010187453703703704,-0.1779099867724868,38.655100000000004,10.5027,-28.152400000000004,rcp60
34007,0.29972913194444445,0.02742924074074074,-0.2722998912037037,42.6685,16.608649999999997,-26.059850000000004,rcp60
34008,0.21269847222222218,0.00713601388888889,-0.2055624583333333,31.447000000000003,9.315,-22.132000000000005,rcp60
34010,0.0858324255952381,0.002238921296296296,-0.0835935042989418,24.79965,5.2507,-19.548949999999998,rcp60
34011,0.30167537698412694,0.01162403240740741,-0.29005134457671955,57.053450000000005,14.3357,-42.71775000000001,rcp60
34012,0.49588938492063495,0.060019171296296296,-0.43587021362433864,69.43905000000001,31.29195,-38.14710000000001,rcp60
35003,0.31081828373015874,0.03262261574074074,-0.27819566798941797,48.7729,21.180300000000003,-27.592599999999997,rcp60
35008,0.26633188988095235,0.016392518518518518,-0.24993937136243383,37.0842,13.2895,-23.794700000000002,rcp60
36003,0.02368400297619048,0.0004870925925925927,-0.023196910383597887,13.6572,2.13815,-11.51905,rcp60
36006,0.25035832837301586,0.017254222222222223,-0.23310410615079363,35.18625,16.071849999999998,-19.114400000000003,rcp60
36009,0.2672985565476191,0.01831559259259259,-0.2489829639550265,36.94655,18.47355,-18.473000000000003,rcp60
36010,0.24208051587301588,0.018123347222222225,-0.22395716865079365,35.02325,14.147549999999999,-20.8757,rcp60
36011,0.24566375496031748,0.02378499537037037,-0.2218787595899471,34.5095,16.496650000000002,-18.01285,rcp60
36012,0.23448803075396826,0.017703717592592594,-0.21678431316137567,34.26815,17.0325,-17.23565,rcp60
37001,0.2295228621031746,0.02462624537037037,-0.20489661673280424,39.12665,13.325949999999999,-25.8007,rcp60
37003,0.22620947916666662,0.014395273148148148,-0.21181420601851847,38.194,13.228950000000001,-24.96505,rcp60
37005,0.23407628472222222,0.014056333333333334,-0.22001995138888888,36.715149999999994,14.19765,-22.517499999999995,rcp60
37008,0.022635977182539683,0.0005667824074074073,-0.022069194775132275,18.96625,1.51695,-17.449299999999997,rcp60
37009,0.22592644345238094,0.014051046296296298,-0.21187539715608464,37.44965,13.40475,-24.0449,rcp60
37010,0.2514387549603175,0.02220946296296296,-0.22922929199735453,38.5293,14.21485,-24.31445,rcp60
37011,0.24042381448412697,0.01855822685185185,-0.22186558763227512,39.15435,13.431000000000001,-25.72335,rcp60
37018,0.21300591269841274,0.018497560185185186,-0.19450835251322754,33.05755,11.5688,-21.48875,rcp60
37019,0.1961990724206349,0.016342944444444445,-0.17985612797619044,31.09525,10.607949999999999,-20.4873,rcp60
37020,0.2385979910714286,0.01969590740740741,-0.2189020836640212,39.064350000000005,13.76135,-25.303000000000004,rcp60
37031,0.2346861359126984,0.015236722222222221,-0.21944941369047619,35.883449999999996,11.86845,-24.014999999999997,rcp60
37033,0.022563348214285715,0.0003501851851851852,-0.02221316302910053,14.70665,1.54525,-13.1614,rcp60
38001,0.2002545287698413,0.017466125,-0.1827884037698413,37.396950000000004,15.19515,-22.201800000000006,rcp60
38003,0.20168355654761905,0.01767474537037037,-0.18400881117724868,37.46705,18.57205,-18.895,rcp60
38004,0.23342933035714286,0.020609287037037037,-0.21282004332010582,38.05475,17.65885,-20.395899999999997,rcp60
38007,0.06791375496031746,0.004969620370370371,-0.06294413458994709,26.38395,7.5142500000000005,-18.869699999999998,rcp60
38012,0.029303392857142858,0.0007816898148148149,-0.028521703042328043,15.15045,2.1010999999999997,-13.04935,rcp60
38014,0.08559941468253968,0.006269703703703703,-0.07932971097883597,25.208800000000004,8.4513,-16.757500000000004,rcp60
38017,0.08099285714285714,0.007390611111111111,-0.07360224603174603,28.27555,9.2697,-19.00585,rcp60
38018,0.05490824900793651,0.0020971805555555557,-0.052811068452380955,22.5141,6.3471,-16.166999999999998,rcp60
38021,0.21081794146825397,0.024039810185185185,-0.18677813128306878,37.870000000000005,13.0166,-24.853400000000004,rcp60
38026,0.23194231150793648,0.01970125,-0.21224106150793648,38.828500000000005,12.66545,-26.163050000000005,rcp60
38029,0.2212860615079365,0.019820361111111115,-0.20146570039682538,38.29755,17.3707,-20.92685,rcp60
38030,0.06555750992063492,0.005203273148148148,-0.06035423677248677,24.54325,8.02085,-16.5224,rcp60
39001,0.026489285714285712,0.0010026435185185186,-0.025486642195767194,19.00945,1.9975,-17.011950000000002,rcp60
39002,0.1783813740079365,0.018775648148148145,-0.15960572585978836,34.78985,13.10565,-21.6842,rcp60
39004,0.12975969246031746,0.008780125,-0.12097956746031746,36.495000000000005,10.6736,-25.821400000000004,rcp60
39005,0.03264806547619047,0.0007311898148148149,-0.03191687566137566,20.011850000000003,1.1156,-18.896250000000002,rcp60
39006,0.07756815476190476,0.004587550925925926,-0.07298060383597883,21.68855,6.5949,-15.09365,rcp60
39007,0.16273976686507935,0.012263879629629628,-0.15047588723544972,31.5058,12.16335,-19.34245,rcp60
39008,0.040933487103174605,0.0018351157407407409,-0.03909837136243387,17.144399999999997,4.2002,-12.944199999999999,rcp60
39010,0.07080269345238095,0.004615222222222222,-0.06618747123015872,23.65715,7.930999999999999,-15.726150000000002,rcp60
39011,0.04999437996031746,0.0012441111111111112,-0.04875026884920635,22.997500000000002,4.82915,-18.168350000000004,rcp60
39012,0.1425064236111111,0.01068725925925926,-0.13181916435185184,29.156200000000002,12.76965,-16.38655,rcp60
39014,0.07071945436507937,0.005085083333333334,-0.06563437103174603,24.332349999999998,8.43445,-15.897899999999998,rcp60
39015,0.022100406746031746,0.00030596296296296296,-0.021794443783068784,24.35095,1.6355,-22.71545,rcp60
39016,0.10173997519841269,0.008689708333333334,-0.09305026686507935,27.86645,9.2927,-18.57375,rcp60
39017,0.20138973710317457,0.02381021759259259,-0.17757951951058198,36.08175,16.6664,-19.41535,rcp60
39019,0.0648629861111111,0.002281888888888889,-0.06258109722222222,24.02665,4.3119499999999995,-19.7147,rcp60
39020,0.13205953373015872,0.009752421296296297,-0.12230711243386241,32.0412,10.465050000000002,-21.576150000000002,rcp60
39021,0.31492428571428577,0.040957976851851846,-0.2739663088624339,53.0051,15.70985,-37.295249999999996,rcp60
39022,0.18207118055555555,0.018103185185185187,-0.16396799537037035,32.2643,13.8064,-18.4579,rcp60
39023,0.03435103670634921,0.0006825324074074074,-0.033668504298941804,21.53335,1.94305,-19.5903,rcp60
39025,0.03502301091269841,0.0007402175925925926,-0.034282793320105816,26.056150000000002,2.5263999999999998,-23.529750000000003,rcp60
39027,0.023935942460317456,0.0006615092592592593,-0.023274433201058195,18.90295,1.6399,-17.26305,rcp60
39028,0.03551429563492064,0.0007929027777777778,-0.03472139285714286,23.270400000000002,2.6279500000000002,-20.642450000000004,rcp60
39029,0.19188588789682542,0.01998351851851852,-0.1719023693783069,35.80985,18.77725,-17.0326,rcp60
39034,0.33330442956349204,0.047532370370370364,-0.28577205919312165,58.731700000000004,16.4332,-42.298500000000004,rcp60
39035,0.026047395833333334,0.0014751527777777777,-0.024572243055555557,17.6875,4.61135,-13.07615,rcp60
39036,0.06773965277777778,0.0014295879629629628,-0.06631006481481481,20.57995,1.76705,-18.8129,rcp60
39037,0.04246312003968254,0.0006455046296296296,-0.04181761541005291,23.7195,2.1277,-21.5918,rcp60
39042,0.036528779761904766,0.0014512592592592593,-0.03507752050264551,17.30415,4.03085,-13.273299999999999,rcp60
39049,0.03554550595238095,0.0004635555555555555,-0.03508195039682539,20.14365,2.26375,-17.8799,rcp60
39052,0.15745885912698412,0.021153796296296296,-0.13630506283068783,31.80895,12.2548,-19.55415,rcp60
39054,0.24889553075396822,0.027102384259259257,-0.22179314649470896,40.59485,19.49375,-21.101100000000002,rcp60
39056,0.06287573412698413,0.001673787037037037,-0.0612019470899471,23.31935,2.725,-20.59435,rcp60
39061,0.7764328968253968,0.16070756944444442,-0.6157253273809524,51.84465,22.5383,-29.306350000000002,rcp60
39065,0.027635902777777777,0.0003938564814814816,-0.027242046296296295,16.3868,1.29665,-15.090150000000001,rcp60
39069,0.28850618551587304,0.03209279166666666,-0.25641339384920636,45.1452,20.61795,-24.527250000000002,rcp60
39072,0.18883555555555556,0.022702333333333335,-0.16613322222222224,32.16975,13.12695,-19.0428,rcp60
39078,0.05528432043650794,0.0012015787037037038,-0.05408274173280424,27.53685,4.5790500000000005,-22.9578,rcp60
39081,0.028462916666666664,0.0012692361111111112,-0.027193680555555554,15.850349999999999,2.53505,-13.315299999999999,rcp60
39087,0.15569788690476188,0.02103658333333333,-0.13466130357142855,30.2384,13.52215,-16.71625,rcp60
39088,0.08786178075396825,0.007658356481481482,-0.08020342427248676,25.183300000000003,9.3601,-15.823200000000003,rcp60
39095,0.044764007936507935,0.0010679074074074074,-0.04369610052910053,13.78095,2.1685499999999998,-11.612400000000001,rcp60
39099,0.31199269345238095,0.03522100462962963,-0.2767716888227513,39.1911,14.59975,-24.59135,rcp60
39101,0.617491681547619,0.17330572685185186,-0.44418595469576716,62.2389,34.572500000000005,-27.666399999999996,rcp60
39105,0.19696003968253967,0.021679731481481484,-0.1752803082010582,38.069500000000005,15.7605,-22.309000000000005,rcp60
39108,0.036137564484126986,0.0018850138888888888,-0.034252550595238095,19.0184,4.69635,-14.32205,rcp60
39114,0.07048608630952381,0.0015948287037037038,-0.06889125760582011,24.3881,2.6063,-21.7818,rcp60
39120,2.2928955505952384,0.4931959166666666,-1.7996996339285718,93.8588,51.423,-42.4358,rcp60
39125,0.06638500496031746,0.0008624768518518519,-0.06552252810846561,23.78165,1.93665,-21.845,rcp60
39127,0.07274915674603175,0.005289435185185185,-0.06745972156084656,24.788400000000003,8.197,-16.591400000000004,rcp60
39141,0.1664947123015873,0.013982226851851852,-0.15251248544973545,31.69905,13.0881,-18.61095,rcp60
39142,0.07179448412698414,0.0016187314814814816,-0.07017575264550266,20.5785,4.1535,-16.424999999999997,rcp60
39143,0.22171338293650797,0.021873319444444442,-0.1998400634920635,35.5242,14.07175,-21.45245,rcp60
39144,0.1631638988095238,0.012951601851851853,-0.15021229695767196,31.74185,11.0174,-20.724449999999997,rcp60
40003,0.2731922916666667,0.030275925925925925,-0.24291636574074077,59.45295,18.06175,-41.3912,rcp60
40004,0.31144892857142853,0.03317217129629629,-0.27827675727513224,59.2329,20.685850000000002,-38.54705,rcp60
40005,0.3335632688492063,0.047914439814814816,-0.2856488290343915,69.98509999999999,25.1279,-44.85719999999999,rcp60
40006,0.04794910714285715,0.002450162037037037,-0.04549894510582011,21.387549999999997,4.75335,-16.634199999999996,rcp60
40007,0.28101024305555555,0.027662935185185183,-0.25334730787037035,52.1763,15.8144,-36.3619,rcp60
40009,0.04119803571428572,0.001498601851851852,-0.03969943386243387,24.5961,3.51675,-21.079349999999998,rcp60
40010,0.28860751488095243,0.032595962962962965,-0.25601155191798947,45.01715,20.442050000000002,-24.5751,rcp60
40011,0.32890729166666666,0.03819389351851852,-0.2907133981481481,64.6516,19.5215,-45.1301,rcp60
40012,0.2285976587301587,0.021207143518518514,-0.20739051521164018,41.719449999999995,18.0445,-23.674949999999995,rcp60
40013,0.45984227678571427,0.0766574212962963,-0.38318485548941794,61.493900000000004,26.91905,-34.574850000000005,rcp60
40016,0.2422393998015873,0.02239384722222222,-0.21984555257936506,43.43065,18.89815,-24.5325,rcp60
40017,0.3262088690476191,0.03411618981481482,-0.29209267923280424,60.66935,20.96155,-39.707800000000006,rcp60
40018,0.4977551140873016,0.08591597222222222,-0.4118391418650794,65.78184999999999,29.5985,-36.18334999999999,rcp60
40020,0.43529619047619045,0.05696206944444444,-0.378334121031746,67.23005,27.95445,-39.275600000000004,rcp60
40021,0.2769588343253968,0.03361700925925926,-0.24334182506613755,63.0625,20.32835,-42.73415,rcp60
40022,0.3394316914682539,0.037171125,-0.30226056646825394,60.5774,20.41165,-40.165749999999996,rcp60
40033,0.07157726686507936,0.001984166666666666,-0.0695931001984127,42.41735,4.0994,-38.317949999999996,rcp60
41001,0.3963409771825397,0.061468875000000006,-0.3348721021825397,46.001850000000005,25.51705,-20.484800000000003,rcp60
41003,0.23333515873015875,0.021815513888888888,-0.21151964484126987,44.60755,16.113599999999998,-28.493950000000005,rcp60
41004,0.024842733134920636,0.0009867314814814812,-0.023856001653439155,21.038899999999998,2.8114999999999997,-18.2274,rcp60
41005,0.23187402777777777,0.024387555555555558,-0.20748647222222222,43.007549999999995,13.81405,-29.193499999999993,rcp60
41006,0.3105279910714286,0.04511328703703704,-0.26541470403439155,45.718199999999996,23.099649999999997,-22.61855,rcp60
41009,0.09198895337301587,0.007231851851851851,-0.08475710152116402,27.79455,8.9725,-18.82205,rcp60
41011,0.20996824900793648,0.02315576388888889,-0.18681248511904758,33.51545,16.912799999999997,-16.602650000000004,rcp60
41012,0.23846929563492064,0.03139199537037037,-0.20707730026455026,39.37665,20.88515,-18.4915,rcp60
41013,0.275153943452381,0.02383361111111111,-0.2513203323412699,51.077799999999996,16.855249999999998,-34.22255,rcp60
41014,0.33297419146825397,0.045380027777777776,-0.2875941636904762,44.4077,23.2549,-21.1528,rcp60
41016,0.2583641369047619,0.024348939814814813,-0.23401519708994709,46.9774,17.41685,-29.560550000000003,rcp60
41019,0.19665439484126984,0.017109712962962962,-0.17954468187830688,36.017,13.80695,-22.210050000000003,rcp60
41020,0.14728674603174605,0.012803935185185186,-0.13448281084656086,33.35665,12.75345,-20.6032,rcp60
41022,0.015176011904761906,0.0004461712962962963,-0.014729840608465609,21.01145,2.20335,-18.8081,rcp60
41023,0.08136912698412699,0.00596975462962963,-0.07539937235449735,28.2446,7.3237,-20.9209,rcp60
41025,0.41811018849206355,0.07859535185185185,-0.3395148366402117,54.14175,23.25535,-30.886400000000002,rcp60
41027,0.21139592261904766,0.021962425925925927,-0.18943349669312173,36.9671,16.27295,-20.69415,rcp60
41028,0.21110159722222221,0.02018399074074074,-0.19091760648148148,36.7143,14.60415,-22.11015,rcp60
41029,0.23417716765873017,0.0212827962962963,-0.2128943713624339,43.9141,16.3509,-27.5632,rcp60
42001,0.015488581349206347,0.0002580740740740741,-0.015230507275132274,17.54375,1.47945,-16.0643,rcp60
42003,0.028860749007936504,0.000253462962962963,-0.02860728604497354,22.2621,0.903,-21.3591,rcp60
42004,0.017353090277777778,0.00031508333333333334,-0.017038006944444444,21.55415,1.2554,-20.29875,rcp60
42006,0.02000124503968254,0.0002527453703703704,-0.019748499669312167,19.3599,1.62135,-17.73855,rcp60
42008,0.01698438988095238,0.00017549999999999998,-0.01680888988095238,19.088250000000002,1.24965,-17.838600000000003,rcp60
42010,0.0208478621031746,0.00017258796296296296,-0.020675274140211634,19.588099999999997,1.0314,-18.556699999999996,rcp60
42011,0.02514424603174603,0.00042017592592592595,-0.024724070105820107,18.2087,1.4962,-16.7125,rcp60
42016,0.07307095734126984,0.004728375,-0.06834258234126983,23.96005,5.1136,-18.846449999999997,rcp60
42017,0.07070152281746031,0.004064777777777777,-0.06663674503968253,21.939300000000003,5.008649999999999,-16.930650000000004,rcp60
42024,0.058135793650793646,0.002196592592592593,-0.055939201058201056,27.363300000000002,5.147600000000001,-22.215700000000002,rcp60
42026,0.011797822420634922,0.00032325925925925925,-0.011474563161375663,19.42235,1.20165,-18.2207,rcp60
42027,0.19143655257936507,0.025564930555555553,-0.1658716220238095,30.383699999999997,13.05115,-17.332549999999998,rcp60
43005,0.06019224702380952,0.003736111111111112,-0.05645613591269841,23.99175,7.0585,-16.93325,rcp60
43006,0.07900832341269842,0.007417486111111111,-0.07159083730158732,25.2518,9.164200000000001,-16.0876,rcp60
43007,0.054565768849206345,0.005772856481481481,-0.048792912367724865,22.42825,10.02795,-12.400299999999998,rcp60
43008,0.039693988095238095,0.0004766342592592593,-0.03921735383597884,21.13845,1.5504,-19.58805,rcp60
43009,0.12938822916666667,0.013828694444444444,-0.11555953472222223,30.63865,12.4337,-18.204949999999997,rcp60
43014,0.1792776388888889,0.024661689814814813,-0.15461594907407408,29.4925,12.986049999999999,-16.50645,rcp60
43017,0.021568164682539685,0.0004289675925925926,-0.021139197089947093,19.282899999999998,1.6522999999999999,-17.630599999999998,rcp60
43018,0.02955443452380952,0.00035229166666666666,-0.029202142857142854,20.722050000000003,0.7979,-19.924150000000004,rcp60
43021,0.05501773313492063,0.002558861111111111,-0.05245887202380952,22.975450000000002,7.04825,-15.927200000000003,rcp60
44001,0.013304593253968256,0.000330625,-0.012973968253968257,20.90385,0.9994,-19.904449999999997,rcp60
44002,0.010529672619047619,0.0002214814814814815,-0.010308191137566137,19.06795,0.9147000000000001,-18.15325,rcp60
44006,0.019198774801587302,0.00042283333333333333,-0.018775941468253968,20.437649999999998,1.3071,-19.13055,rcp60
44009,0.09016755456349207,0.010087745370370368,-0.0800798091931217,24.4899,16.2598,-8.2301,rcp60
44011,0.17824809523809526,0.03055988425925926,-0.147688210978836,31.66805,22.7494,-8.91865,rcp60
45001,0.2857626140873016,0.02542789351851852,-0.26033472056878304,58.5797,17.86605,-40.71365,rcp60
45003,0.00938251488095238,0.00046523611111111115,-0.00891727876984127,21.4039,2.21155,-19.19235,rcp60
45004,0.09695672123015874,0.005998912037037037,-0.0909578091931217,33.8523,8.25065,-25.60165,rcp60
45005,0.04801768849206349,0.0013972037037037039,-0.046620484788359784,25.776200000000003,6.2659,-19.5103,rcp60
45009,0.7841770783730159,0.14017951388888888,-0.6439975644841269,120.56325000000001,43.945499999999996,-76.61775000000002,rcp60
45012,0.24091971726190478,0.034536111111111115,-0.20638360615079365,43.7629,23.6422,-20.120700000000003,rcp60
46003,0.3732042609126984,0.07201585185185183,-0.3011884090608466,57.95585,44.94645,-13.0094,rcp60
46005,0.8912046874999999,0.18538889814814813,-0.7058157893518517,91.64945,50.8477,-40.80175,rcp60
46008,0.3176929265873015,0.05261186111111111,-0.2650810654761904,46.5174,27.8494,-18.668000000000003,rcp60
46014,0.04749400793650794,0.0022229722222222225,-0.045271035714285715,36.237049999999996,6.38755,-29.849499999999995,rcp60
47001,0.13177256944444443,0.013702560185185186,-0.11807000925925924,35.056,13.00955,-22.046449999999997,rcp60
47004,0.08537777777777777,0.005578703703703704,-0.07979907407407408,33.9537,10.49735,-23.456349999999997,rcp60
47005,0.2500134920634921,0.02099174074074074,-0.22902175132275138,46.13715,12.87195,-33.2652,rcp60
47008,0.00763687996031746,0.000447712962962963,-0.007189166997354497,12.8187,1.7942500000000001,-11.02445,rcp60
47009,0.006111205357142857,0.0003665185185185185,-0.005744686838624338,6.97225,1.8958499999999998,-5.0764,rcp60
47011,0.025672118055555554,0.0022786712962962964,-0.023393446759259258,19.4389,4.4323,-15.0066,rcp60
47014,0.34913144345238095,0.060127662037037025,-0.28900378141534394,52.0313,30.79135,-21.23995,rcp60
47018,0.20862723214285717,0.024149333333333335,-0.18447789880952384,40.3387,22.804850000000002,-17.53385,rcp60
48003,0.03166641865079365,0.0012561712962962965,-0.030410247354497353,23.897399999999998,5.7827,-18.1147,rcp60
48004,0.2442821775793651,0.023571449074074078,-0.22071072850529103,51.52785,15.0019,-36.52595,rcp60
48005,0.01946424107142857,0.00028101851851851855,-0.019183222552910054,22.3002,1.5683500000000001,-20.73185,rcp60
48011,0.005698705357142857,9.66712962962963e-05,-0.005602034060846561,13.22215,0.74675,-12.475399999999999,rcp60
49001,0.11399899305555555,0.01100676388888889,-0.10299222916666666,43.352999999999994,12.99845,-30.354549999999996,rcp60
49002,0.008827638888888888,0.0,-0.008827638888888888,15.8715,0.0,-15.8715,rcp60
49004,0.0642170486111111,0.0068360740740740725,-0.057380974537037034,36.1934,15.95225,-20.241149999999998,rcp60
50001,0.17885315476190478,0.01850699537037037,-0.1603461593915344,46.14145,18.076,-28.06545,rcp60
50002,0.32566913194444447,0.028031861111111108,-0.29763727083333336,53.6518,26.344,-27.3078,rcp60
50006,0.19423268849206352,0.015153898148148149,-0.17907879034391536,47.84445,11.8947,-35.94975,rcp60
50007,0.36341121031746026,0.045749874999999995,-0.31766133531746027,60.3425,30.79815,-29.54435,rcp60
50008,0.021038308531746035,0.00097875,-0.020059558531746034,20.867350000000002,2.52115,-18.346200000000003,rcp60
50011,0.4320891765873016,0.04738115740740741,-0.3847080191798942,67.28225,35.3137,-31.968550000000008,rcp60
51001,0.051565927579365074,0.004137967592592592,-0.04742795998677248,24.314,8.14945,-16.16455,rcp60
52004,0.050429270833333324,0.0011401898148148148,-0.04928908101851851,23.62805,4.4172,-19.21085,rcp60
52005,0.04768952876984127,0.0012929166666666666,-0.046396612103174605,25.2976,6.4346,-18.863,rcp60
52006,0.007955877976190476,0.00033062037037037033,-0.007625257605820106,14.7318,1.10745,-13.62435,rcp60
52007,0.11834729166666666,0.015903129629629628,-0.10244416203703703,30.14295,19.36495,-10.777999999999999,rcp60
52009,0.06889777281746033,0.006760712962962963,-0.06213705985449737,27.2238,9.175,-18.0488,rcp60
52010,0.02141987103174603,0.0003337222222222223,-0.021086148809523808,16.9849,1.2094,-15.7755,rcp60
52011,0.13157986607142858,0.017967324074074073,-0.1136125419973545,24.780050000000003,13.952200000000001,-10.827850000000002,rcp60
52015,0.16102324900793652,0.019910393518518518,-0.141112855489418,28.91195,12.6795,-16.23245,rcp60
52016,0.035413511904761906,0.003031745370370371,-0.03238176653439154,22.518099999999997,7.3643,-15.153799999999997,rcp60
53005,0.02478268353174603,0.0003126203703703704,-0.02447006316137566,21.2286,1.31485,-19.91375,rcp60
53006,0.03843374007936508,0.004093259259259259,-0.034340480820105816,17.48175,7.57935,-9.902400000000002,rcp60
53007,0.02382512400793651,0.0003650370370370371,-0.02346008697089947,20.60135,1.3457999999999999,-19.25555,rcp60
53008,0.049860014880952375,0.002886023148148148,-0.04697399173280423,19.502200000000002,5.9079999999999995,-13.594200000000003,rcp60
53009,0.04532294642857143,0.0006645833333333333,-0.044658363095238095,24.07575,4.69925,-19.3765,rcp60
53013,0.15069517857142858,0.019523634259259258,-0.13117154431216932,27.332,11.9007,-15.4313,rcp60
53017,0.13482316964285712,0.01588639814814815,-0.11893677149470896,28.10035,12.82225,-15.278099999999998,rcp60
53018,0.16503712797619047,0.02192934259259259,-0.14310778538359786,29.5079,13.3503,-16.1576,rcp60
53022,0.030200332341269842,0.0003285555555555555,-0.029871776785714288,19.063499999999998,1.25065,-17.812849999999997,rcp60
53023,0.02109563492063492,0.00027308796296296293,-0.020822546957671956,17.58625,1.29015,-16.2961,rcp60
53028,0.19621319940476192,0.028589532407407407,-0.1676236669973545,31.1033,14.318999999999999,-16.7843,rcp60
54001,0.31213432539682545,0.027461879629629628,-0.2846724457671958,70.3322,20.5362,-49.796,rcp60
54002,0.3048718402777778,0.03307845833333333,-0.27179338194444447,48.49594999999999,14.33165,-34.1643,rcp60
54003,3.5566756944444444,1.2583204490740738,-2.2983552453703706,136.89749999999998,122.7079,-14.189599999999984,rcp60
54004,0.30681025793650796,0.024428324074074075,-0.2823819338624339,48.48255,12.00525,-36.4773,rcp60
54005,0.5486203571428572,0.07363248148148148,-0.4749878756613757,88.36905,38.5608,-49.80825,rcp60
54007,0.2828035218253968,0.027037050925925926,-0.2557664708994709,44.870000000000005,12.9138,-31.956200000000003,rcp60
54008,0.34183685515873014,0.028466625000000002,-0.3133702301587301,62.07645,22.0592,-40.017250000000004,rcp60
54011,0.16573892857142858,0.0070072638888888875,-0.15873166468253969,24.73565,5.5373,-19.198349999999998,rcp60
54012,0.1241856994047619,0.009857555555555555,-0.11432814384920635,31.803350000000002,10.97495,-20.828400000000002,rcp60
54015,0.278978005952381,0.026089305555555557,-0.2528887003968254,48.20175,13.3254,-34.876349999999995,rcp60
54016,0.2950836160714286,0.023294898148148148,-0.2717887179232804,53.045500000000004,13.48515,-39.56035,rcp60
54017,0.33105357142857145,0.041709527777777776,-0.2893440436507937,59.45795,16.614150000000002,-42.843799999999995,rcp60
54018,0.33087737599206357,0.028455916666666664,-0.3024214593253969,70.29535,21.34375,-48.9516,rcp60
54019,0.32188115079365076,0.031068513888888892,-0.2908126369047619,43.86555,13.718399999999999,-30.14715,rcp60
54020,0.43099448908730154,0.035907097222222226,-0.3950873918650793,70.5419,25.268,-45.2739,rcp60
54022,2.3472838789682537,0.5188680833333333,-1.8284157956349203,141.9519,85.29599999999999,-56.6559,rcp60
54024,0.018036011904761902,0.0005786111111111111,-0.017457400793650792,13.0284,2.2346999999999997,-10.7937,rcp60
54025,0.42717609126984124,0.04371758796296296,-0.38345850330687825,74.16665,27.675,-46.49165000000001,rcp60
54027,0.12406089781746031,0.01064537962962963,-0.11341551818783069,30.2851,11.296050000000001,-18.98905,rcp60
54028,0.8433247916666666,0.13383758333333334,-0.7094872083333332,101.3204,45.62575,-55.69465000000001,rcp60
54029,0.4054594791666666,0.037444189814814816,-0.3680152893518518,72.21005,23.254199999999997,-48.95585,rcp60
54032,0.2783955109126984,0.025167842592592592,-0.2532276683201058,58.40345,20.653,-37.75045,rcp60
54034,0.3891747867063492,0.04187916666666666,-0.3472956200396825,55.2104,21.33845,-33.87195,rcp60
54036,0.17883230158730157,0.016365106481481484,-0.16246719510582008,29.6063,12.1514,-17.454900000000002,rcp60
54038,1.1223361408730161,0.2527014212962963,-0.8696347195767198,110.1588,57.49185,-52.66695,rcp60
54044,0.05061332837301587,0.002620231481481481,-0.04799309689153439,19.34045,3.68135,-15.6591,rcp60
54048,0.25903595734126983,0.027222074074074076,-0.23181388326719576,43.18175,11.6837,-31.49805,rcp60
54049,0.28336623015873014,0.02677879166666667,-0.25658743849206345,43.09065,13.516950000000001,-29.573699999999995,rcp60
54052,0.062007207341269854,0.00328925462962963,-0.05871795271164022,25.71575,4.01325,-21.7025,rcp60
54057,0.30578756448412703,0.0233125,-0.282475064484127,60.11255,14.7127,-45.39985,rcp60
54060,0.014286825396825397,5.8759259259259254e-05,-0.014228066137566138,14.2193,0.16885,-14.05045,rcp60
54063,0.1830500744047619,0.009766074074074075,-0.17328400033068783,25.4852,6.848050000000001,-18.63715,rcp60
54080,0.637597609126984,0.08105143518518518,-0.5565461739417988,96.5612,40.2155,-56.3457,rcp60
54095,0.3714070684523809,0.031678773148148154,-0.33972829530423276,74.428,28.0485,-46.37949999999999,rcp60
54096,0.20048472718253968,0.01725749537037037,-0.18322723181216932,42.3501,12.71395,-29.636149999999997,rcp60
55002,0.3276393253968254,0.03872671296296296,-0.2889126124338624,56.1005,25.02055,-31.079949999999997,rcp60
55007,0.3920322470238095,0.04060747222222222,-0.3514247748015873,64.6109,25.822,-38.7889,rcp60
55008,1.7787179761904761,0.3539369212962963,-1.4247810548941797,127.9985,62.94345,-65.05505000000001,rcp60
55013,0.317069439484127,0.03538679629629629,-0.28168264318783076,55.907849999999996,28.0231,-27.884749999999997,rcp60
55014,0.5570853273809524,0.08793241203703703,-0.46915291534391534,89.85485,41.794399999999996,-48.06045,rcp60
55016,0.6817070386904762,0.15170460185185186,-0.5300024368386244,86.7778,43.269549999999995,-43.508250000000004,rcp60
55018,0.23252383432539686,0.02122923148148148,-0.21129460284391538,45.65405,17.2623,-28.39175,rcp60
55021,0.32202860119047616,0.03139118981481481,-0.29063741137566135,53.12835,26.0048,-27.123549999999998,rcp60
55023,0.28552980158730157,0.030683328703703702,-0.25484647288359785,51.281400000000005,23.2744,-28.007000000000005,rcp60
55025,0.2581045982142857,0.02841558796296296,-0.22968901025132277,43.7983,22.026,-21.772299999999998,rcp60
55026,0.969824955357143,0.18798183333333335,-0.7818431220238096,99.48660000000001,48.9977,-50.48890000000001,rcp60
55029,0.3758221825396826,0.04660092592592592,-0.3292212566137567,56.7371,30.8651,-25.871999999999996,rcp60
55032,2.5249099404761903,0.7005615555555555,-1.8243483849206348,110.22819999999999,87.6711,-22.55709999999999,rcp60
56001,0.3209983779761905,0.035945300925925926,-0.2850530770502646,58.06055,23.9054,-34.15515,rcp60
56002,0.4144449454365079,0.0676816712962963,-0.3467632741402116,65.52225,30.22085,-35.3014,rcp60
56007,0.4093751388888889,0.04057993055555555,-0.36879520833333335,73.7998,23.41385,-50.38595000000001,rcp60
56012,0.9796558184523809,0.2592470879629629,-0.720408730489418,101.03525,61.861399999999996,-39.17385000000001,rcp60
56013,0.45737138888888895,0.04851958333333334,-0.4088518055555556,68.37215,27.957,-40.415150000000004,rcp60
57004,0.04436371031746032,0.002802222222222222,-0.0415614880952381,25.69915,6.6841,-19.01505,rcp60
57005,0.3857965773809524,0.04945575462962963,-0.33634082275132277,53.597049999999996,25.963,-27.634049999999995,rcp60
57006,0.04040986111111111,0.002214421296296297,-0.03819543981481482,26.12375,6.49845,-19.625300000000003,rcp60
57007,0.20114965773809523,0.021425388888888886,-0.17972426884920634,42.222300000000004,24.72365,-17.498650000000005,rcp60
57008,0.3656373561507936,0.06947769907407408,-0.29615965707671954,71.5658,30.28765,-41.27815,rcp60
57009,0.010338035714285715,0.0001544861111111111,-0.010183549603174604,16.43285,0.54605,-15.8868,rcp60
58001,0.0395689632936508,0.001992601851851852,-0.03757636144179895,20.49775,4.6576,-15.84015,rcp60
58002,0.6995854117063491,0.1333563425925926,-0.5662290691137566,88.1542,34.890699999999995,-53.26350000000001,rcp60
58006,0.8046189682539682,0.14981785185185184,-0.6548011164021164,94.42345,36.736850000000004,-57.6866,rcp60
58008,0.23134683035714285,0.031275125,-0.20007170535714286,44.5158,15.64735,-28.86845,rcp60
58009,0.02683035218253968,0.0005633842592592594,-0.02626696792328042,15.3092,2.88495,-12.42425,rcp60
58010,2.4087207936507937,0.804482300925926,-1.6042384927248676,120.06925,90.0028,-30.066450000000003,rcp60
58012,0.16830726686507938,0.021664671296296296,-0.1466425955687831,38.81075,20.023,-18.78775,rcp60
59001,0.48759874503968254,0.06242460648148148,-0.4251741385582011,69.53645,18.77505,-50.7614,rcp60
60002,0.6307132390873016,0.06691213888888889,-0.5638011001984127,59.84335,23.22535,-36.618,rcp60
60003,0.1545285119047619,0.011400652777777779,-0.14312785912698414,32.75105,16.6631,-16.08795,rcp60
60005,0.23582416170634923,0.021115310185185185,-0.21470885152116403,48.26635,15.34965,-32.916700000000006,rcp60
60006,0.10047317956349207,0.0066515740740740745,-0.093821605489418,32.42715,11.9521,-20.475049999999996,rcp60
60010,0.02492904761904762,0.0010040046296296296,-0.023925042989417993,13.646,2.9937,-10.6523,rcp60
60012,0.34510064980158733,0.03311473611111111,-0.31198591369047624,59.28625,18.216549999999998,-41.069700000000005,rcp60
61001,0.009239632936507935,3.1486111111111105e-05,-0.009208146825396824,16.2473,0.29335,-15.953949999999999,rcp60
61002,0.018211259920634923,0.00027866666666666665,-0.017932593253968256,24.2641,1.2031,-23.061,rcp60
62001,0.27076283234126985,0.028128888888888887,-0.24263394345238096,54.3917,17.0312,-37.3605,rcp60
63001,0.632616755952381,0.09563519444444446,-0.5369815615079365,62.01285,27.279049999999998,-34.7338,rcp60
63004,3.4503200396825395,0.8934638333333331,-2.5568562063492064,130.46325,97.40555,-33.05769999999998,rcp60
64001,1.0742141716269842,0.2227462222222222,-0.851467949404762,93.78739999999999,41.182900000000004,-52.60449999999999,rcp60
64002,0.32172341269841276,0.030159425925925923,-0.29156398677248685,58.255900000000004,23.98995,-34.265950000000004,rcp60
64006,0.2008181448412698,0.02028736111111111,-0.18053078373015868,50.369699999999995,16.1632,-34.20649999999999,rcp60
65001,1.693973630952381,0.230670875,-1.463302755952381,124.1567,54.70655,-69.45015000000001,rcp60
65004,0.2592257291666667,0.015270935185185186,-0.2439547939814815,57.70535,16.1123,-41.593050000000005,rcp60
65005,0.06309604662698413,0.001009787037037037,-0.062086259589947096,30.52345,4.24125,-26.2822,rcp60
65006,0.7458222073412699,0.05401093518518518,-0.6918112721560847,98.18135000000001,30.2846,-67.89675000000001,rcp60
65007,0.3491197470238095,0.032300999999999996,-0.3168187470238095,55.974900000000005,23.933149999999998,-32.04175000000001,rcp60
65008,9.853687966269842,2.1098077268518516,-7.74388023941799,264.54224999999997,216.63864999999998,-47.90359999999998,rcp60
66001,0.8122619345238096,0.13727175925925925,-0.6749901752645503,75.47035,34.1229,-41.347449999999995,rcp60
66004,0.3994599156746032,0.0458015,-0.3536584156746032,67.827,29.980600000000003,-37.846399999999996,rcp60
66006,0.9832334126984128,0.14984781481481482,-0.833385597883598,82.6261,39.7773,-42.8488,rcp60
66011,2.222590927579365,0.4801785601851852,-1.74241236739418,133.2097,69.9662,-63.2435,rcp60
67001,0.23244205357142855,0.012314055555555557,-0.220127998015873,59.405100000000004,13.9698,-45.435300000000005,rcp60
67005,1.6086862748015873,0.5376451574074075,-1.0710411173941798,115.0897,79.9229,-35.166799999999995,rcp60
67006,1.020866011904762,0.19688739814814815,-0.8239786137566137,91.48845,44.264250000000004,-47.224199999999996,rcp60
67008,0.18031536706349205,0.014924972222222221,-0.16539039484126983,48.6339,16.488349999999997,-32.14555,rcp60
67010,1.6966949454365081,0.4075172546296296,-1.2891776908068784,111.1493,63.88105,-47.268249999999995,rcp60
67015,0.9929568650793652,0.2091265972222222,-0.7838302678571429,96.126,48.1813,-47.944700000000005,rcp60
67018,1.7886542658730158,0.4696980138888889,-1.318956251984127,97.15899999999999,62.31605,-34.842949999999995,rcp60
67025,0.5655978918650794,0.06394901388888889,-0.5016488779761905,75.78795,28.3143,-47.47364999999999,rcp60
67033,0.4160534821428572,0.040029194444444444,-0.3760242876984128,75.31405,28.035600000000002,-47.27844999999999,rcp60
68001,0.08488508432539682,0.007000185185185186,-0.07788489914021163,21.852449999999997,8.38665,-13.465799999999998,rcp60
68003,0.16879032738095237,0.01509412037037037,-0.153696207010582,25.46225,9.009,-16.45325,rcp60
68004,0.01626701884920635,0.0003561851851851852,-0.015910833664021164,11.38335,1.1588500000000002,-10.224499999999999,rcp60
68005,0.12810506944444444,0.010424314814814815,-0.11768075462962962,32.59285,10.82575,-21.7671,rcp60
68020,0.08448424107142857,0.009441222222222222,-0.07504301884920635,28.45205,10.206050000000001,-18.246,rcp60
69002,0.4557934424603175,0.04880426851851852,-0.406989173941799,51.10565,17.7889,-33.31675,rcp60
69007,0.2847297966269841,0.023212560185185187,-0.2615172364417989,38.0592,13.693249999999999,-24.365949999999998,rcp60
69012,0.29498675595238094,0.03032745833333333,-0.2646592976190476,40.143100000000004,12.641300000000001,-27.501800000000003,rcp60
69015,0.9241835863095236,0.09860034722222222,-0.8255832390873014,75.7705,30.35595,-45.41455,rcp60
69017,0.3183502976190476,0.029540935185185184,-0.2888093624338624,46.501149999999996,15.274799999999999,-31.226349999999996,rcp60
69023,0.10649778273809525,0.00694250462962963,-0.09955527810846562,27.354100000000003,9.26145,-18.092650000000003,rcp60
69027,0.3581879712301587,0.028213402777777778,-0.32997456845238093,43.100750000000005,13.69605,-29.404700000000005,rcp60
69030,0.2322231150793651,0.024786689814814813,-0.2074364252645503,39.1862,15.73865,-23.44755,rcp60
69032,0.14556646825396824,0.008692060185185186,-0.13687440806878307,31.93625,12.01115,-19.9251,rcp60
69043,0.26292692956349206,0.021070768518518516,-0.24185616104497354,30.59735,11.96935,-18.628,rcp60
70002,0.21016964781746028,0.024606777777777776,-0.1855628700396825,42.8443,14.86,-27.984299999999998,rcp60
71001,0.3624601587301587,0.03281989814814815,-0.32964026058201057,46.3795,16.27255,-30.10695,rcp60
71004,0.5433364037698413,0.07242109722222222,-0.47091530654761904,59.0453,30.177500000000002,-28.867799999999995,rcp60
71006,0.7526785863095237,0.08648836111111112,-0.6661902251984125,65.4589,28.924349999999997,-36.53455,rcp60
71008,0.4937888244047619,0.06227737962962963,-0.43151144477513226,56.468500000000006,27.3709,-29.097600000000007,rcp60
71014,0.41613208333333335,0.04922690740740741,-0.3669051759259259,47.08515,18.17535,-28.909799999999997,rcp60
72002,0.2373931994047619,0.02874250925925926,-0.20865069014550264,39.9019,15.21895,-24.682949999999998,rcp60
72004,0.9336213045634922,0.10324674074074075,-0.8303745638227515,69.51185000000001,27.3794,-42.132450000000006,rcp60
72005,1.7491538392857144,0.297515875,-1.4516379642857145,95.104,59.10575,-35.99825,rcp60
72007,0.0625989484126984,0.005723277777777778,-0.056875670634920626,23.84845,10.41205,-13.436399999999999,rcp60
72009,0.9068168501984127,0.14235268055555556,-0.7644641696428571,62.030649999999994,35.861999999999995,-26.16865,rcp60
72014,0.05822692956349206,0.007723583333333334,-0.05050334623015873,21.043149999999997,9.5869,-11.456249999999997,rcp60
72015,1.6886017113095235,0.2825057546296296,-1.4060959566798938,96.436,56.8645,-39.57150000000001,rcp60
73005,0.6130738343253967,0.048803504629629624,-0.5642703296957672,65.13695,23.4417,-41.69525,rcp60
73009,1.8465846478174601,0.23870701851851853,-1.6078776292989416,107.8835,55.94905,-51.93445,rcp60
73010,0.6672762996031745,0.03266693981481482,-0.6346093597883596,51.40015,16.91245,-34.4877,rcp60
73011,0.4278797321428571,0.035827129629629625,-0.3920526025132275,54.63075,20.26845,-34.3623,rcp60
73014,3.6818004662698414,0.7480469907407408,-2.933753475529101,160.72019999999998,118.21209999999999,-42.508099999999985,rcp60
73015,0.0414697123015873,0.004418421296296295,-0.037051291005291004,16.06215,5.3401,-10.72205,rcp60
74001,0.8820174255952382,0.09174324074074074,-0.7902741848544975,81.30255,35.1311,-46.17144999999999,rcp60
74005,0.03948878968253968,0.0005621018518518519,-0.038926687830687826,18.281,4.0168,-14.264199999999999,rcp60
74006,0.36432197420634926,0.04065637037037037,-0.32366560383597887,57.7821,25.09025,-32.69185,rcp60
74007,1.2416047519841271,0.1984734675925926,-1.0431312843915346,86.90865,50.87595,-36.03269999999999,rcp60
75003,2.3982485466269843,0.24720977314814818,-2.1510387734788363,110.8006,51.25295,-59.547650000000004,rcp60
75004,0.7311577876984128,0.07326825925925926,-0.6578895284391535,86.3121,29.896,-56.4161,rcp60
75017,0.03481692956349206,0.0008191527777777778,-0.033997776785714286,19.38765,3.6917999999999997,-15.69585,rcp60
76003,0.10320067460317461,0.005594643518518519,-0.0976060310846561,40.165350000000004,10.97405,-29.191300000000005,rcp60
76005,0.39711690476190475,0.0296631712962963,-0.36745373346560845,51.098,15.4914,-35.6066,rcp60
76007,0.25703140873015873,0.020031671296296294,-0.23699973743386243,36.9337,11.906500000000001,-25.0272,rcp60
76008,1.160259945436508,0.18521254166666667,-0.9750474037698412,69.87735,38.76545,-31.111900000000006,rcp60
76011,1.6261692857142855,0.28560068055555554,-1.34056860515873,99.29249999999999,58.956900000000005,-40.335599999999985,rcp60
76014,2.2165490674603174,0.40084250925925924,-1.8157065582010583,111.8395,64.7959,-47.0436,rcp60
77002,1.0445077876984126,0.10323274537037037,-0.9412750423280422,86.41415,29.884999999999998,-56.52915000000001,rcp60
77003,1.5264720386904762,0.2443133287037037,-1.2821587099867724,91.61439999999999,52.0839,-39.53049999999999,rcp60
77004,0.38633658234126983,0.0393653425925926,-0.3469712397486772,42.41015,16.266849999999998,-26.143300000000004,rcp60
78003,0.6908962847222222,0.07375285185185185,-0.6171434328703703,54.534099999999995,22.6791,-31.854999999999997,rcp60
78004,1.7958319990079366,0.3427522638888889,-1.4530797351190476,91.68785,51.62795,-40.0599,rcp60
78006,1.0562460267857143,0.09197440277777777,-0.9642716240079365,71.98415,26.624200000000002,-45.35995,rcp60
79002,1.1163808829365078,0.1318874074074074,-0.9844934755291004,71.1707,50.387699999999995,-20.783,rcp60
79003,2.0931152777777777,0.3277256851851852,-1.7653895925925926,120.4727,65.315,-55.157700000000006,rcp60
79004,1.3191578323412698,0.19518410185185187,-1.123973730489418,97.55895000000001,57.1041,-40.45485000000001,rcp60
79005,0.04726102678571428,0.0008311388888888889,-0.046429887896825395,21.83365,4.3355,-17.49815,rcp60
79006,1.2433630009920635,0.1528215277777778,-1.0905414732142857,94.2141,56.584950000000006,-37.629149999999996,rcp60
80001,0.45302710317460315,0.03540331018518518,-0.417623792989418,69.9371,27.0926,-42.8445,rcp60
80002,0.3006777529761905,0.02115647685185185,-0.27952127612433864,67.75045,18.32315,-49.4273,rcp60
80003,2.2329455357142853,0.2940860185185185,-1.9388595171957668,145.85515,83.23859999999999,-62.61655000000002,rcp60
80004,7.391909935515874,1.4203816342592595,-5.9715283012566145,230.45095,142.09635,-88.3546,rcp60
80005,4.267975044642857,0.8092691296296295,-3.458705915013228,171.22485,117.8199,-53.40495,rcp60
80006,0.2829023958333333,0.007104212962962963,-0.27579818287037033,64.02305,9.46685,-54.5562,rcp60
81002,0.11440570436507935,0.007170435185185186,-0.10723526917989416,40.55195,13.65035,-26.9016,rcp60
81003,0.6106015228174602,0.06012893981481482,-0.5504725830026453,79.7003,37.1493,-42.551,rcp60
81004,0.39656274305555556,0.03345446296296296,-0.3631082800925926,62.30265,23.7563,-38.546350000000004,rcp60
81006,1.4882509275793652,0.18981450462962962,-1.2984364229497356,111.88075,62.23685,-49.64390000000001,rcp60
81007,0.6389652678571429,0.05987891666666667,-0.5790863511904762,87.3817,44.144800000000004,-43.23689999999999,rcp60
82001,0.3598278968253968,0.03244428240740741,-0.32738361441798935,54.97735,19.7546,-35.222750000000005,rcp60
82003,0.5423390029761904,0.050769587962962964,-0.4915694150132275,73.53434999999999,27.9545,-45.57984999999999,rcp60
83003,1.0493795138888888,0.12415977314814813,-0.9252197407407408,69.85135,46.5417,-23.309649999999998,rcp60
83004,0.9568437946428571,0.10810229166666666,-0.8487415029761904,66.68315,49.7581,-16.92505,rcp60
83006,0.6364863541666668,0.06790739351851852,-0.5685789606481483,57.3488,32.76885,-24.579949999999997,rcp60
83007,0.4949820684523809,0.04486643981481482,-0.4501156286375661,69.44454999999999,22.85735,-46.587199999999996,rcp60
83009,0.9376838392857142,0.09358397685185185,-0.8440998624338624,104.14005,32.41175,-71.7283,rcp60
83010,0.6650158333333334,0.07137868518518518,-0.5936371481481482,70.70805,33.45985,-37.2482,rcp60
83013,0.774031185515873,0.10168212037037036,-0.6723490651455026,69.14394999999999,37.7183,-31.42564999999999,rcp60
84001,0.3598109126984127,0.02570539814814815,-0.33410551455026455,43.3691,15.16975,-28.199350000000003,rcp60
84004,0.9153181398809523,0.08567580092592592,-0.8296423389550265,62.225449999999995,27.0347,-35.190749999999994,rcp60
84005,0.6971875744047619,0.060198249999999995,-0.6369893244047619,59.2628,23.2273,-36.0355,rcp60
84008,0.6843299503968253,0.0970114074074074,-0.5873185429894179,78.5783,32.20505,-46.37325,rcp60
84009,0.9581837152777777,0.14170444444444447,-0.8164792708333333,78.17815,48.07275,-30.105400000000003,rcp60
84012,0.5549793998015873,0.07148509259259259,-0.48349430720899467,78.27260000000001,28.51055,-49.762050000000016,rcp60
84013,0.6896086706349207,0.06655997685185186,-0.6230486937830688,58.771699999999996,27.42895,-31.342749999999995,rcp60
84014,0.9147212053571427,0.1425258888888889,-0.7721953164682538,86.4059,51.47475,-34.93115,rcp60
84016,0.7609593898809524,0.10423232407407407,-0.6567270658068782,78.62285,30.13095,-48.4919,rcp60
84017,1.1205588442460317,0.12070009259259258,-0.9998587516534391,109.71285,37.2354,-72.47745,rcp60
84018,0.9917879910714285,0.1114097037037037,-0.8803782873677247,68.0464,33.61555,-34.43085000000001,rcp60
84019,0.616511949404762,0.08827121296296297,-0.5282407364417989,68.5515,24.93755,-43.61395,rcp60
84020,2.1115743452380955,0.16200339814814815,-1.9495709470899474,120.70365,32.252250000000004,-88.45139999999999,rcp60
84022,1.1888838938492063,0.16382942592592592,-1.0250544679232805,85.76605,46.77435,-38.99170000000001,rcp60
84026,2.8509615228174603,0.4297665740740741,-2.4211949487433864,145.50764999999998,59.4058,-86.10184999999998,rcp60
84030,0.5474281101190476,0.057261564814814814,-0.49016654530423276,72.51509999999999,27.878899999999998,-44.63619999999999,rcp60
85001,3.704078903769841,0.14347270370370369,-3.5606062000661374,102.26615,30.369549999999997,-71.8966,rcp60
85002,1.1750367162698412,0.13285363425925928,-1.042183082010582,94.19120000000001,37.3636,-56.82760000000001,rcp60
85003,9.394386934523808,1.7817624259259257,-7.612624508597882,301.45264999999995,119.09290000000001,-182.35974999999993,rcp60
85004,3.394225515873016,0.5347126944444445,-2.8595128214285714,160.23325,86.10485,-74.1284,rcp60
88001,0.9807145337301588,0.08601308796296295,-0.8947014457671959,114.3253,51.491550000000004,-62.833749999999995,rcp60
89002,9.569311934523808,1.8072392129629633,-7.762072721560845,290.9499,141.3885,-149.56140000000002,rcp60
89003,15.54073422123016,2.939277856481481,-12.601456364748678,363.87265,151.47545,-212.39720000000003,rcp60
89005,15.608833293650793,2.825529888888889,-12.783303404761904,351.80805,146.1104,-205.69764999999998,rcp60
89007,3.1034353422619048,0.6030911944444444,-2.5003441478174606,150.23180000000002,92.4949,-57.73690000000002,rcp60
90003,13.398168432539682,2.281544064814815,-11.116624367724867,332.92145,138.7676,-194.15385,rcp60
92001,0.8927068601190475,0.0752497962962963,-0.8174570638227512,73.99164999999999,31.838250000000002,-42.15339999999999,rcp60
93001,4.888412395833334,0.9182975648148148,-3.970114831018519,184.20690000000002,102.10365,-82.10325000000002,rcp60
94001,4.294539087301587,0.7781805324074074,-3.5163585548941794,169.05105,85.06299999999999,-83.98805000000002,rcp60
95001,3.1841383234126983,0.5681093194444444,-2.616029003968254,169.24985,60.291399999999996,-108.95845000000001,rcp60
96001,3.054455982142857,0.36477925925925925,-2.689676722883598,134.91,88.56165,-46.348349999999996,rcp60
96002,3.1143677628968254,0.3860260879629629,-2.7283416749338625,122.80935,69.47235,-53.33699999999999,rcp60
96004,9.362074017857143,1.699006060185185,-7.663067957671958,296.72294999999997,156.6738,-140.04914999999997,rcp60
97002,1.679386334325397,0.12274262962962965,-1.5566437046957673,118.14565,49.1926,-68.95305,rcp60
101002,0.09051886408730159,0.01090664351851852,-0.07961222056878306,42.580349999999996,14.66165,-27.918699999999994,rcp60
101005,0.05890549107142857,0.0033657129629629623,-0.05553977810846561,26.697699999999998,11.58325,-15.114449999999998,rcp60
102001,0.039706830357142855,0.0013702962962962963,-0.03833653406084656,24.2782,3.97235,-20.30585,rcp60
106001,0.8121012202380953,0.10667251851851853,-0.7054287017195767,60.5997,50.0688,-10.530899999999995,rcp60
107001,1.0818103819444445,0.07964553703703704,-1.0021648449074074,93.7462,43.9373,-49.8089,rcp60
1001,1.245066388888889,0.038731944444444444,-1.2063344444444446,102.89065,26.8122,-76.07844999999999,rcp85
2001,2.9214454265873018,0.14983066203703704,-2.771614764550265,128.6105,62.6418,-65.9687,rcp85
2002,4.092241706349206,0.1903901944444444,-3.901851511904762,176.31529999999998,57.25725,-119.05804999999998,rcp85
3003,4.119259201388889,0.28932828703703706,-3.829930914351852,173.62935,67.49735,-106.13199999999999,rcp85
4001,4.113160262896825,0.3084353703703704,-3.8047248925264547,177.78235,52.92675,-124.85560000000001,rcp85
4003,7.846346498015873,0.8412691435185186,-7.005077354497354,215.8662,97.0445,-118.82169999999999,rcp85
4005,6.557018888888889,0.7695761064814814,-5.787442782407408,225.1814,101.1644,-124.017,rcp85
4006,4.345498070436507,0.4625860277777778,-3.8829120426587296,177.22390000000001,88.21735000000001,-89.00655,rcp85
5003,6.192450793650794,0.5759394120370369,-5.616511381613757,225.4054,107.257,-118.14839999999998,rcp85
6007,4.433514499007936,0.2994217314814815,-4.134092767526455,145.95085,48.4379,-97.51295,rcp85
6008,4.520201413690477,0.4926571296296297,-4.027544284060847,133.8329,71.86915,-61.96374999999999,rcp85
7001,14.594086542658731,2.477762226851852,-12.116324315806878,271.0403,153.58294999999998,-117.45735000000002,rcp85
7002,8.571006984126983,1.3965179953703704,-7.174488988756613,197.0117,120.23295,-76.77874999999999,rcp85
7003,3.2063960119047614,0.2659494675925926,-2.940446544312169,110.3945,52.347,-58.04749999999999,rcp85
7005,3.3919742708333334,0.35100570833333333,-3.0409685625,113.9599,57.760999999999996,-56.19890000000001,rcp85
7006,5.392469672619048,0.5785865648148147,-4.813883107804233,185.89870000000002,89.6457,-96.25300000000001,rcp85
8004,7.023122142857143,1.1996880092592592,-5.823434133597884,194.15845,97.64725000000001,-96.51119999999997,rcp85
8005,12.803416706349207,1.2601107731481482,-11.543305933201058,222.02859999999998,109.13905,-112.88954999999999,rcp85
8006,5.728788328373016,0.774308037037037,-4.954480291335979,157.1858,82.58959999999999,-74.59620000000001,rcp85
8009,7.234082624007938,1.3345356898148149,-5.899546934193123,164.76,114.90305000000001,-49.85694999999998,rcp85
8011,5.6120746875,0.8770441759259258,-4.735030511574074,182.48160000000001,91.4049,-91.07670000000002,rcp85
8013,16.354028665674605,2.5028129722222223,-13.851215693452382,278.5603,146.8693,-131.69099999999997,rcp85
9002,2.925421468253968,0.18713585185185183,-2.7382856164021163,132.4341,54.7856,-77.6485,rcp85
9003,2.438771527777778,0.09220039351851851,-2.3465711342592592,111.9797,49.4067,-62.57299999999999,rcp85
9004,3.4211490376984126,0.3073286435185185,-3.113820394179894,165.5784,56.92085,-108.65754999999999,rcp85
9005,6.546216438492063,1.037328759259259,-5.508887679232805,195.31375,110.4408,-84.87295,rcp85
10002,0.8519934523809525,0.00757749537037037,-0.8444159570105821,86.21180000000001,13.882249999999999,-72.32955000000001,rcp85
10003,0.9287711755952381,0.013315583333333336,-0.9154555922619048,76.15639999999999,14.38405,-61.77234999999999,rcp85
11001,2.4822228769841272,0.09994044907407407,-2.382282427910053,122.48835,38.952799999999996,-83.53555,rcp85
11003,5.392222371031746,0.8696351944444445,-4.522587176587302,155.0499,94.54075,-60.509150000000005,rcp85
11004,2.25916154265873,0.08770141203703703,-2.171460130621693,125.66365,43.572050000000004,-82.0916,rcp85
12001,8.771816532738095,1.328875037037037,-7.442941495701058,169.15865000000002,109.43345,-59.72520000000003,rcp85
12002,6.0661777926587295,0.8170875185185185,-5.249090274140211,150.8388,71.40209999999999,-79.4367,rcp85
12005,14.531594171626985,2.13996325,-12.391630921626984,234.4389,146.08835,-88.35055,rcp85
12006,6.870678249007936,1.3700474351851852,-5.500630813822751,147.6951,110.63810000000001,-37.05699999999999,rcp85
12007,13.893073943452382,2.1536962222222225,-11.73937772123016,248.1071,145.50895,-102.59815,rcp85
12008,2.8518946329365082,0.11760934722222223,-2.734285285714286,140.63655,43.48335,-97.1532,rcp85
12009,5.228833497023809,0.35595038888888886,-4.8728831081349195,169.0629,52.903400000000005,-116.15950000000001,rcp85
13001,0.6357650198412699,0.01196926851851852,-0.6237957513227513,51.48295,12.5853,-38.89765,rcp85
13004,4.637768080357143,0.48233538425925926,-4.155432696097884,134.59195,51.69525,-82.8967,rcp85
13005,0.3087645188492063,0.0065664675925925925,-0.3021980512566137,36.7334,7.58915,-29.144250000000003,rcp85
13007,5.102484216269842,0.5158339305555556,-4.586650285714286,142.5211,58.564449999999994,-83.95665,rcp85
13008,4.380909176587302,0.2579498333333333,-4.122959343253969,105.21459999999999,39.2737,-65.9409,rcp85
14001,0.3311113988095238,0.009717171296296297,-0.3213942275132275,50.06325,14.688,-35.375249999999994,rcp85
14002,0.5172415029761903,0.011246671296296296,-0.505994831679894,34.823,8.9352,-25.8878,rcp85
14005,0.42551389384920635,0.013941736111111113,-0.41157215773809525,47.3507,11.7805,-35.5702,rcp85
15006,5.231024866071429,0.5896110462962963,-4.641413819775133,144.1144,60.29775000000001,-83.81664999999998,rcp85
15007,5.751187425595237,0.7707494907407408,-4.980437934854496,172.99895,76.40185,-96.59710000000001,rcp85
15010,3.855757182539683,0.3388450787037037,-3.5169121038359794,122.22040000000001,44.77675,-77.44365000000002,rcp85
15011,119.09947205853175,13.238113263888891,-105.86135879464285,555.7760499999999,210.51935,-345.2566999999999,rcp85
15012,8.491073313492063,0.7584633518518519,-7.732609961640211,173.6286,78.1131,-95.5155,rcp85
15013,5.6194901785714295,0.8127135324074074,-4.806776646164022,143.53795,66.76385,-76.77409999999999,rcp85
15014,4.853844885912698,0.6314589351851851,-4.222385950727514,132.60205,58.1481,-74.45394999999999,rcp85
15016,5.181150322420635,0.7441500787037038,-4.437000243716931,192.8749,85.8434,-107.0315,rcp85
15021,1.025865744047619,0.039681125,-0.9861846190476191,64.19975,17.81045,-46.38929999999999,rcp85
15023,5.902921830357142,0.8471328101851852,-5.055789020171957,155.8558,64.78864999999999,-91.06715,rcp85
15024,8.084372896825396,0.9432401018518517,-7.141132794973545,237.26999999999998,106.59545,-130.67454999999998,rcp85
15025,4.199024389880952,0.4922602037037037,-3.7067641861772485,129.1917,46.3463,-82.8454,rcp85
15030,0.8114213095238094,0.03359028240740741,-0.777831027116402,52.7859,16.47465,-36.31125,rcp85
15039,13.137238630952382,1.985209800925926,-11.152028830026456,237.64659999999998,123.96605,-113.68054999999998,rcp85
16001,3.0319264384920634,0.37939251388888884,-2.6525339246031745,103.12610000000001,45.65035,-57.475750000000005,rcp85
16003,5.117383095238095,0.7888000324074075,-4.328583062830687,165.3581,71.939,-93.41910000000001,rcp85
16004,2.111062058531746,0.17618871296296298,-1.9348733455687832,79.41475,40.3874,-39.02735,rcp85
17001,3.1041784523809524,0.369827462962963,-2.7343509894179894,185.285,64.27135,-121.01365,rcp85
17003,0.7360278224206349,0.035156101851851855,-0.7008717205687831,75.21615,24.3535,-50.86265,rcp85
17004,0.06704229166666667,0.00014803703703703702,-0.06689425462962963,26.84655,1.13275,-25.7138,rcp85
17005,0.7885618501984127,0.04451580555555556,-0.7440460446428572,80.6154,26.1478,-54.46759999999999,rcp85
17015,3.0716622966269838,0.4255677361111111,-2.6460945605158726,148.10135000000002,67.8334,-80.26795000000003,rcp85
17018,0.9535801984126985,0.040596749999999994,-0.9129834484126985,74.97710000000001,31.84985,-43.127250000000004,rcp85
18001,2.5944556597222226,0.3074232222222222,-2.2870324375000006,112.7991,44.9096,-67.8895,rcp85
18002,2.8314291319444447,0.4416411388888889,-2.3897879930555557,137.6635,59.07899999999999,-78.5845,rcp85
18003,0.5405022519841269,0.014208722222222223,-0.5262935297619047,60.03565,21.0345,-39.001149999999996,rcp85
18008,4.8846880257936505,0.6225690601851852,-4.262118965608465,184.3157,65.02405,-119.29164999999999,rcp85
18010,1.1519463888888888,0.0699041574074074,-1.0820422314814815,87.07045,30.0213,-57.04915,rcp85
18011,2.4971802182539684,0.28743605092592595,-2.2097441673280427,127.553,44.4113,-83.1417,rcp85
18014,0.8887937847222223,0.033124449074074074,-0.8556693356481482,74.79795,22.579250000000002,-52.2187,rcp85
18017,10.757997227182539,1.4583824537037038,-9.299614773478835,295.0529,143.17284999999998,-151.88005000000004,rcp85
18018,6.226284677579366,0.8883081990740741,-5.337976478505292,203.08235,90.90725,-112.17509999999999,rcp85
19001,0.5638465525793651,0.013467689814814818,-0.5503788627645503,56.8198,9.9558,-46.864000000000004,rcp85
19006,0.507779365079365,0.01196921759259259,-0.49581014748677243,48.39605,13.454550000000001,-34.941500000000005,rcp85
19010,0.0697436755952381,0.00011200462962962962,-0.06963167096560847,27.9904,0.843,-27.1474,rcp85
19017,0.48253480158730155,0.011296268518518521,-0.47123853306878305,45.8748,11.0119,-34.862899999999996,rcp85
19020,1.1567054662698413,0.11017018518518518,-1.046535281084656,93.7337,32.29505,-61.438649999999996,rcp85
20002,0.08231846230158729,0.00024889814814814816,-0.08206956415343915,36.76395,1.7899500000000002,-34.974000000000004,rcp85
20003,0.6685510664682539,0.017005592592592593,-0.6515454738756613,58.4685,13.398399999999999,-45.0701,rcp85
20007,0.7623551140873017,0.018168106481481486,-0.7441870076058202,73.62905,11.61085,-62.01820000000001,rcp85
21003,1.0433149553571428,0.046289407407407404,-0.9970255479497354,73.1464,22.97045,-50.17595,rcp85
21006,1.431056314484127,0.06726556481481483,-1.3637907496693122,80.65285,24.5084,-56.14445,rcp85
21008,0.6517407242063492,0.02228833333333333,-0.6294523908730159,65.20885,17.80675,-47.4021,rcp85
21009,0.9524923462301587,0.03019064351851852,-0.9223017027116401,69.18955,18.536,-50.653549999999996,rcp85
21011,1.9409077827380952,0.08068867592592593,-1.8602191068121692,95.18245,28.37205,-66.8104,rcp85
21012,1.058645744047619,0.054348648148148146,-1.0042970958994708,89.09385,25.325400000000002,-63.76845,rcp85
21013,1.907115441468254,0.19327140277777777,-1.7138440386904763,84.36545000000001,35.52185,-48.84360000000001,rcp85
21015,1.522884642857143,0.07562481944444444,-1.4472598234126985,77.26895,27.103249999999996,-50.16570000000001,rcp85
21016,0.5091911458333334,0.007270870370370371,-0.501920275462963,65.5118,9.73795,-55.773849999999996,rcp85
21017,3.3503510218253973,0.5103754027777778,-2.8399756190476193,149.22140000000002,63.30455,-85.91685000000001,rcp85
21018,0.6735841865079365,0.021641874999999998,-0.6519423115079365,52.44605,15.596,-36.850049999999996,rcp85
21022,1.0145732341269842,0.02255048148148148,-0.9920227526455027,79.21905,15.25695,-63.96209999999999,rcp85
21023,0.6673471775793651,0.01785902777777778,-0.6494881498015873,71.4468,15.619250000000001,-55.827549999999995,rcp85
21024,0.9791603174603174,0.04166182407407407,-0.9374984933862434,81.58574999999999,21.105249999999998,-60.48049999999999,rcp85
21026,4.826448278769842,0.8674133703703704,-3.9590349083994716,169.22480000000002,75.00145,-94.22335000000001,rcp85
21027,0.7798363343253969,0.018481638888888888,-0.761354695436508,64.11395,14.078800000000001,-50.03515,rcp85
22001,1.462992425595238,0.040163018518518515,-1.4228294070767196,88.91095,24.80005,-64.1109,rcp85
22006,0.4562665773809524,0.009293731481481481,-0.4469728458994709,51.0774,11.63345,-39.44395,rcp85
22007,0.7883748958333334,0.023709740740740743,-0.7646651550925927,69.3063,19.33635,-49.96995,rcp85
22009,1.9205932291666665,0.06811331018518518,-1.8524799189814813,116.7701,27.7489,-89.0212,rcp85
23001,1.379131111111111,0.05532504166666667,-1.3238060694444445,92.8423,22.9262,-69.9161,rcp85
23004,1.5622804265873018,0.12251606944444444,-1.4397643571428573,98.65465,32.71875,-65.9359,rcp85
23006,2.221622544642857,0.206423625,-2.015198919642857,111.83605,36.930350000000004,-74.9057,rcp85
23007,1.641626423611111,0.09468818055555554,-1.5469382430555556,99.28524999999999,31.4901,-67.79514999999999,rcp85
23008,1.5122968105158732,0.05382877314814814,-1.458468037367725,106.9632,26.938299999999998,-80.0249,rcp85
23011,2.2001774801587306,0.14513349074074072,-2.0550439894179897,117.22344999999999,33.8698,-83.35364999999999,rcp85
23016,0.13943106646825396,0.0011361296296296295,-0.13829493683862432,27.226300000000002,3.1584499999999998,-24.067850000000004,rcp85
24001,2.0384739186507934,0.1472424537037037,-1.8912314649470896,109.90535,36.53045,-73.3749,rcp85
24003,3.1475882688492067,0.3693109583333333,-2.7782773105158736,133.73925,59.67805,-74.0612,rcp85
24004,1.5812998611111113,0.0654012962962963,-1.515898564814815,107.5757,27.0456,-80.5301,rcp85
24005,0.8880336458333333,0.022097819444444444,-0.8659358263888889,92.9779,16.22605,-76.75185,rcp85
25001,2.265699751984127,0.18855727314814813,-2.077142478835979,114.89224999999999,35.4812,-79.41104999999999,rcp85
25003,5.053450029761905,0.8909905231481481,-4.162459506613756,167.5491,115.76705,-51.78205000000001,rcp85
25006,2.235109280753968,0.2609755833333333,-1.9741336974206347,112.57235,51.62295,-60.9494,rcp85
25012,2.693408442460317,0.2542236574074074,-2.43918478505291,131.10045000000002,44.44095,-86.65950000000002,rcp85
25020,0.6906622668650794,0.01757200925925926,-0.6730902576058201,80.8383,14.15025,-66.68805,rcp85
25021,0.7468040823412698,0.018992175925925926,-0.7278119064153439,82.18405,13.8954,-68.28865,rcp85
25029,0.5969136755952382,0.021664296296296296,-0.5752493792989419,55.807950000000005,33.25745,-22.550500000000007,rcp85
26003,0.6003962301587301,0.01072960648148148,-0.5896666236772486,46.8137,9.8971,-36.916599999999995,rcp85
26005,6.273749201388888,0.29195449074074076,-5.981794710648147,129.02495,36.543949999999995,-92.481,rcp85
26006,1.203877748015873,0.04524955555555556,-1.1586281924603175,89.42939999999999,16.682000000000002,-72.74739999999998,rcp85
26008,0.2013180902777778,0.002612842592592592,-0.19870524768518522,36.54575,4.4575,-32.08825,rcp85
26009,1.2588899355158727,0.03648723148148148,-1.2224027040343912,91.04795,16.4062,-74.64175,rcp85
27001,0.07282180555555556,6.814814814814815e-05,-0.07275365740740741,24.5229,0.53315,-23.98975,rcp85
27002,1.3044313839285715,0.06118927777777779,-1.2432421061507937,86.4443,28.262800000000002,-58.1815,rcp85
27003,0.5573669692460318,0.01918027314814815,-0.5381866960978836,56.92165,17.1523,-39.76935,rcp85
27006,0.7531287450396825,0.02378596759259259,-0.72934277744709,77.1999,15.5396,-61.6603,rcp85
27007,1.8885864682539681,0.12810949537037036,-1.7604769728835978,94.63005000000001,39.2789,-55.35115000000001,rcp85
27009,0.8581164236111113,0.022784689814814813,-0.8353317337962964,69.72135,18.6212,-51.10015,rcp85
27021,0.4787262152777778,0.018568305555555557,-0.46015790972222226,61.17105,12.90445,-48.2666,rcp85
27023,0.589201121031746,0.025561050925925928,-0.5636400701058201,61.00425,22.08655,-38.917699999999996,rcp85
27025,0.07139277281746031,5.280092592592592e-05,-0.07133997189153439,17.779600000000002,0.14620000000000002,-17.6334,rcp85
27026,0.4627391666666667,0.020817907407407403,-0.4419212592592593,60.9285,12.335799999999999,-48.5927,rcp85
27029,0.7620775892857141,0.025936226851851853,-0.7361413624338623,72.26205,16.5417,-55.72035,rcp85
27030,0.04003008928571428,0.0001612314814814815,-0.0398688578042328,16.57685,0.8019000000000001,-15.77495,rcp85
27032,0.29492844742063495,0.007687129629629629,-0.2872413177910053,70.33155,10.53585,-59.7957,rcp85
27034,1.7620004761904764,0.14562955092592592,-1.6163709252645504,99.13175,46.1222,-53.00955,rcp85
27035,0.5861249900793651,0.03246158333333333,-0.5536634067460318,63.0878,24.07255,-39.01525,rcp85
27038,1.152294717261905,0.046643671296296305,-1.1056510459656086,85.001,20.7957,-64.20530000000001,rcp85
27041,0.570856681547619,0.01554923611111111,-0.5553074454365079,62.643299999999996,17.45445,-45.188849999999995,rcp85
27042,1.9041534275793652,0.07965667592592593,-1.8244967516534394,130.5882,49.2145,-81.3737,rcp85
27043,1.300737380952381,0.0679559212962963,-1.2327814596560847,94.4452,30.828049999999998,-63.61715,rcp85
27047,2.8582257192460316,0.3133812037037037,-2.544844515542328,111.91935000000001,60.52275,-51.39660000000001,rcp85
27049,1.3308749255952381,0.0482980787037037,-1.2825768468915344,110.34375,23.77935,-86.5644,rcp85
27051,0.9684658581349206,0.0654075787037037,-0.9030582794312169,84.92275000000001,28.0962,-56.82655000000001,rcp85
27062,0.6179108432539682,0.020674333333333333,-0.5972365099206348,59.48935,19.205650000000002,-40.283699999999996,rcp85
27064,0.2294317261904762,0.008949583333333334,-0.22048214285714285,34.721000000000004,12.238399999999999,-22.482600000000005,rcp85
27065,0.7992071081349207,0.030327615740740745,-0.76887949239418,83.51795000000001,18.759900000000002,-64.75805000000001,rcp85
27071,0.6931419742063492,0.016993814814814812,-0.6761481593915344,70.78835000000001,16.0669,-54.721450000000004,rcp85
27073,1.4959354017857143,0.0765321712962963,-1.419403230489418,91.53485,31.6027,-59.93215000000001,rcp85
27077,0.057315044642857145,0.0007949398148148149,-0.05652010482804233,24.35985,5.7427,-18.617150000000002,rcp85
27079,0.3918637797619048,0.012065703703703703,-0.3797980760582011,50.9481,11.5168,-39.43129999999999,rcp85
27080,0.6513442410714285,0.026906458333333334,-0.6244377827380951,61.856300000000005,26.479100000000003,-35.3772,rcp85
27084,0.7773350694444444,0.038076740740740744,-0.7392583287037037,73.41295,28.377950000000002,-45.035,rcp85
27087,0.07449481646825395,0.0001748564814814815,-0.07431995998677247,25.4737,0.9994000000000001,-24.4743,rcp85
27089,0.9970326686507935,0.03933217129629629,-0.9577004973544972,78.1619,26.2487,-51.9132,rcp85
27090,1.749850763888889,0.1245867824074074,-1.6252639814814815,108.80905,37.034850000000006,-71.7742,rcp85
28001,1.635114146825397,0.10760151388888889,-1.527512632936508,108.45145,32.25725,-76.1942,rcp85
28003,0.030293968253968254,9.22175925925926e-05,-0.030201750661375662,20.3453,0.71,-19.6353,rcp85
28008,0.5453078521825397,0.0402175462962963,-0.5050903058862435,59.08485,20.464550000000003,-38.6203,rcp85
28009,0.3413733134920635,0.019112467592592594,-0.3222608458994709,47.215900000000005,13.82155,-33.39435,rcp85
28012,0.3105659226190476,0.020911050925925927,-0.28965487169312165,44.266549999999995,13.70605,-30.560499999999998,rcp85
28015,0.3284100892857143,0.015800685185185185,-0.3126094041005291,48.33975,12.32275,-36.017,rcp85
28018,0.3806344295634921,0.025165476851851852,-0.35546895271164025,47.3724,14.87245,-32.49995,rcp85
28022,0.3583317559523809,0.02379008333333333,-0.3345416726190476,49.52265,15.847349999999999,-33.6753,rcp85
28023,0.6855628422619047,0.03741134259259259,-0.6481514996693121,69.01219999999999,17.00315,-52.00904999999999,rcp85
28024,0.3651964186507936,0.020417060185185184,-0.3447793584656084,46.5241,14.7623,-31.761799999999997,rcp85
28026,0.1687236607142857,0.0077490462962962955,-0.1609746144179894,36.613600000000005,8.9997,-27.613900000000005,rcp85
28031,0.9964768948412698,0.08776904166666667,-0.9087078531746031,71.9668,25.1995,-46.767300000000006,rcp85
28033,1.175477132936508,0.10604156944444443,-1.0694355634920636,88.0958,37.1646,-50.9312,rcp85
28039,0.3960123363095238,0.03431954166666666,-0.36169279464285714,57.201899999999995,19.34275,-37.85915,rcp85
28040,0.018581463293650794,4.03425925925926e-05,-0.018541120701058202,13.78255,0.3577,-13.424850000000001,rcp85
28043,0.6538674305555555,0.024757166666666667,-0.6291102638888888,69.67925,14.030999999999999,-55.64825,rcp85
28044,0.28743079365079366,0.010547527777777779,-0.27688326587301587,37.4304,9.46275,-27.96765,rcp85
28046,0.7131320783730158,0.04898494907407408,-0.6641471292989418,64.0053,20.65735,-43.347950000000004,rcp85
28048,0.42499977678571427,0.022792856481481487,-0.4022069203042328,59.664,14.5116,-45.1524,rcp85
28050,0.04315054563492063,0.00025312037037037035,-0.04289742526455026,18.4231,1.40345,-17.019650000000002,rcp85
28052,0.05652388888888889,0.002016541666666667,-0.05450734722222222,23.597450000000002,3.3928000000000003,-20.20465,rcp85
28055,0.4619256944444444,0.03057489351851852,-0.4313508009259259,57.133399999999995,17.54925,-39.584149999999994,rcp85
28056,0.2716021626984127,0.015538439814814812,-0.2560637228835979,41.677,11.7798,-29.897199999999998,rcp85
28060,0.022438501984126984,1.3643518518518517e-05,-0.022424858465608467,15.2712,0.06695,-15.20425,rcp85
28066,0.08954227678571429,0.002615384259259259,-0.08692689252645502,24.01045,4.308999999999999,-19.70145,rcp85
28067,0.3006534672619048,0.008402143518518519,-0.29225132374338625,39.5811,9.985800000000001,-29.595299999999998,rcp85
28072,0.3545139236111111,0.015907750000000002,-0.3386061736111111,47.0079,15.5204,-31.487499999999997,rcp85
28074,0.2740388541666666,0.013653430555555554,-0.26038542361111106,41.0824,10.791699999999999,-30.2907,rcp85
28080,0.09219491567460318,0.001592101851851852,-0.09060281382275133,19.26655,4.1459,-15.120649999999998,rcp85
28081,0.02638722222222222,9.151388888888888e-05,-0.026295708333333334,19.83405,0.8284499999999999,-19.0056,rcp85
28082,0.32275059027777775,0.02508790277777778,-0.29766268749999997,46.895250000000004,17.8504,-29.044850000000004,rcp85
28085,0.36746025793650794,0.01673614814814815,-0.3507241097883598,50.5703,13.54295,-37.027350000000006,rcp85
28091,0.026388789682539684,6.590740740740742e-05,-0.026322882275132277,15.81815,0.29255,-15.525599999999999,rcp85
28093,0.2927680109126984,0.014591018518518517,-0.27817699239417987,41.935649999999995,13.3888,-28.546849999999996,rcp85
28115,0.04969194444444444,3.728240740740741e-05,-0.049654662037037035,17.1864,0.1135,-17.0729,rcp85
28116,0.029016815476190477,7.165277777777778e-05,-0.0289451626984127,15.99545,0.1991,-15.79635,rcp85
28117,0.6189920734126985,0.028920703703703705,-0.5900713697089948,64.78955,15.93875,-48.85080000000001,rcp85
29002,0.06278414186507936,0.00016289814814814815,-0.0626212437169312,21.1588,0.9638500000000001,-20.19495,rcp85
29003,0.07004038690476191,6.894444444444445e-05,-0.06997144246031747,20.809350000000002,0.34509999999999996,-20.464250000000003,rcp85
29005,0.19868707341269842,0.0051145925925925925,-0.19357248082010584,32.7633,6.98035,-25.78295,rcp85
29009,0.014437222222222223,3.0291666666666667e-05,-0.014406930555555557,11.364149999999999,0.0729,-11.291249999999998,rcp85
30001,0.055002728174603166,0.00019012037037037033,-0.0548126078042328,16.375,1.11925,-15.255749999999999,rcp85
30004,0.16862086805555557,0.004378527777777778,-0.1642423402777778,35.408699999999996,8.2129,-27.1958,rcp85
30005,0.13350667162698415,0.0033671805555555556,-0.1301394910714286,28.84815,6.6183499999999995,-22.2298,rcp85
30011,0.05249093253968254,5.7652777777777773e-05,-0.05243327976190476,19.2431,0.31494999999999995,-18.92815,rcp85
30012,0.162273685515873,0.003940995370370371,-0.15833269014550264,32.25295,6.7566500000000005,-25.496299999999998,rcp85
30014,0.24771891865079362,0.005968939814814815,-0.24174997883597882,45.76035,7.903550000000001,-37.8568,rcp85
30015,0.120879126984127,0.002787939814814815,-0.11809118716931219,27.00535,6.9366,-20.06875,rcp85
31002,0.20661097718253968,0.004771597222222222,-0.20183937996031745,36.72815,6.730599999999999,-29.99755,rcp85
31006,0.06341170634920634,4.155092592592593e-05,-0.06337015542328042,23.29375,0.10404999999999999,-23.1897,rcp85
31010,0.3586299652777778,0.015073412037037036,-0.34355655324074075,54.1767,14.44585,-39.73085,rcp85
31021,0.3675165376984127,0.02128024537037037,-0.3462362923280423,50.402100000000004,17.4887,-32.9134,rcp85
31023,0.42492469246031744,0.02082072685185185,-0.4041039656084656,54.0366,15.74755,-38.28905,rcp85
31025,0.4640726091269841,0.028448398148148146,-0.43562421097883597,57.9256,19.058999999999997,-38.866600000000005,rcp85
32003,0.32626571924603176,0.018775296296296297,-0.30749042294973544,45.61695,17.2256,-28.391350000000003,rcp85
32004,0.3552541071428571,0.02346899074074074,-0.3317851164021164,53.31975,17.923750000000002,-35.396,rcp85
32006,0.25889890376984126,0.016428388888888888,-0.24247051488095236,44.2686,13.936250000000001,-30.332349999999998,rcp85
32008,0.3115894742063492,0.01925889351851852,-0.2923305806878307,44.8287,15.07405,-29.754649999999998,rcp85
33006,0.3060151736111111,0.011973013888888887,-0.2940421597222222,43.7274,13.32685,-30.400550000000003,rcp85
33007,0.32565364087301585,0.007240597222222222,-0.31841304365079365,53.3095,11.329149999999998,-41.98035,rcp85
33012,0.22949383928571426,0.012428319444444443,-0.21706551984126982,41.0279,13.6629,-27.365000000000002,rcp85
33013,0.026778556547619046,2.351388888888889e-05,-0.026755042658730157,12.481349999999999,0.11985,-12.3615,rcp85
33014,0.2428475148809524,0.011826027777777779,-0.23102148710317463,37.240700000000004,12.92425,-24.316450000000003,rcp85
33018,0.3125428571428571,0.021456125000000003,-0.29108673214285713,49.4745,15.806,-33.6685,rcp85
33019,0.11204297123015873,0.003509865740740741,-0.10853310548941798,29.92245,6.0911,-23.83135,rcp85
33020,0.5073683234126984,0.06215075925925925,-0.44521756415343916,47.21625,22.29295,-24.9233,rcp85
33021,0.056767296626984126,0.0017835648148148146,-0.05498373181216931,21.87915,4.6851,-17.194049999999997,rcp85
33022,0.054818020833333335,0.0021554814814814817,-0.052662539351851854,19.8459,4.7108,-15.135100000000001,rcp85
33023,0.07787822420634921,0.0034075046296296297,-0.07447071957671958,26.5445,6.08125,-20.46325,rcp85
33024,0.03980907242063492,0.00038875925925925927,-0.039420313161375654,23.56325,2.6308000000000002,-20.93245,rcp85
33026,0.1867559474206349,0.011381092592592594,-0.1753748548280423,33.80635,13.428,-20.37835,rcp85
33028,0.16180451884920632,0.009290759259259259,-0.15251375958994706,31.61925,10.5033,-21.11595,rcp85
33029,0.2668564484126984,0.008350578703703704,-0.2585058697089947,41.75365,10.85795,-30.895699999999998,rcp85
33031,0.20747441964285715,0.014909805555555555,-0.1925646140873016,36.43625,15.618500000000001,-20.81775,rcp85
33032,0.019461349206349208,0.0,-0.019461349206349208,16.7553,0.0,-16.7553,rcp85
33033,0.08584836805555557,0.003825694444444444,-0.08202267361111112,29.0831,10.9589,-18.124200000000002,rcp85
33034,0.17919071924603175,0.005020736111111111,-0.17416998313492063,38.51755,10.5186,-27.99895,rcp85
33035,0.08018444940476191,0.0031761249999999997,-0.07700832440476191,27.76615,5.794,-21.97215,rcp85
33039,0.22174702876984126,0.014951888888888886,-0.20679513988095238,39.2742,13.9221,-25.3521,rcp85
33053,0.08280599206349207,0.002048689814814815,-0.08075730224867725,26.56195,7.4293,-19.132649999999998,rcp85
33054,0.3997868303571429,0.014763439814814816,-0.3850233905423281,61.256,13.3222,-47.9338,rcp85
33058,0.23280368551587302,0.01617695833333333,-0.2166267271825397,40.6042,14.88045,-25.72375,rcp85
34002,0.2649924801587301,0.008697574074074073,-0.25629490608465605,44.66055,12.74915,-31.9114,rcp85
34003,0.32772007440476186,0.01331839351851852,-0.3144016808862433,45.2691,18.43305,-26.83605,rcp85
34004,0.3474258829365079,0.00882075925925926,-0.33860512367724865,51.1616,12.65155,-38.51005,rcp85
34005,0.1213331498015873,0.004341949074074074,-0.11699120072751322,30.155500000000004,7.1957,-22.9598,rcp85
34006,0.18809744047619048,0.005947870370370371,-0.1821495701058201,38.655100000000004,9.672699999999999,-28.982400000000005,rcp85
34007,0.29972913194444445,0.014658680555555557,-0.28507045138888887,42.6685,18.2394,-24.429100000000002,rcp85
34008,0.21269847222222218,0.008089990740740741,-0.20460848148148145,31.447000000000003,13.029399999999999,-18.417600000000004,rcp85
34010,0.0858324255952381,0.0013806666666666665,-0.08445175892857143,24.79965,6.0607,-18.73895,rcp85
34011,0.30167537698412694,0.006596379629629629,-0.29507899735449733,57.053450000000005,12.12355,-44.9299,rcp85
34012,0.49588938492063495,0.021383425925925924,-0.47450595899470904,69.43905000000001,14.8102,-54.62885000000001,rcp85
35003,0.31081828373015874,0.017570476851851848,-0.29324780687830687,48.7729,20.17005,-28.60285,rcp85
35008,0.26633188988095235,0.012850717592592594,-0.25348117228835976,37.0842,12.0005,-25.0837,rcp85
36003,0.02368400297619048,2.1064814814814816e-05,-0.023662938161375664,13.6572,0.116,-13.5412,rcp85
36006,0.25035832837301586,0.012261875,-0.23809645337301585,35.18625,11.27075,-23.9155,rcp85
36009,0.2672985565476191,0.012560375,-0.25473818154761907,36.94655,12.00415,-24.942400000000003,rcp85
36010,0.24208051587301588,0.012969324074074074,-0.2291111917989418,35.02325,11.973700000000001,-23.049549999999996,rcp85
36011,0.24566375496031748,0.013204324074074073,-0.2324594308862434,34.5095,12.0217,-22.487800000000004,rcp85
36012,0.23448803075396826,0.012631949074074073,-0.22185608167989418,34.26815,11.9941,-22.27405,rcp85
37001,0.2295228621031746,0.013055560185185187,-0.2164673019179894,39.12665,14.596350000000001,-24.530299999999997,rcp85
37003,0.22620947916666662,0.012079583333333335,-0.21412989583333328,38.194,15.164200000000001,-23.0298,rcp85
37005,0.23407628472222222,0.011866800925925926,-0.2222094837962963,36.715149999999994,15.08435,-21.630799999999994,rcp85
37008,0.022635977182539683,5.537037037037037e-06,-0.022630440145502646,18.96625,0.026,-18.94025,rcp85
37009,0.22592644345238094,0.011653194444444445,-0.21427324900793648,37.44965,14.5089,-22.940749999999998,rcp85
37010,0.2514387549603175,0.013648041666666668,-0.2377907132936508,38.5293,15.741900000000001,-22.787399999999998,rcp85
37011,0.24042381448412697,0.013092092592592593,-0.2273317218915344,39.15435,11.990400000000001,-27.16395,rcp85
37018,0.21300591269841274,0.01273151388888889,-0.20027439880952386,33.05755,14.935649999999999,-18.1219,rcp85
37019,0.1961990724206349,0.012073972222222222,-0.18412510019841266,31.09525,14.02975,-17.0655,rcp85
37020,0.2385979910714286,0.014352296296296297,-0.2242456947751323,39.064350000000005,14.6562,-24.408150000000006,rcp85
37031,0.2346861359126984,0.01245223148148148,-0.22223390443121693,35.883449999999996,15.483,-20.400449999999996,rcp85
37033,0.022563348214285715,5.277777777777777e-07,-0.022562820436507938,14.70665,0.0057,-14.70095,rcp85
38001,0.2002545287698413,0.011686708333333332,-0.18856782043650797,37.396950000000004,12.442699999999999,-24.954250000000005,rcp85
38003,0.20168355654761905,0.012886134259259259,-0.1887974222883598,37.46705,14.6451,-22.82195,rcp85
38004,0.23342933035714286,0.016222050925925924,-0.21720727943121693,38.05475,16.87175,-21.183,rcp85
38007,0.06791375496031746,0.002075162037037037,-0.06583859292328043,26.38395,5.6014,-20.78255,rcp85
38012,0.029303392857142858,5.444444444444444e-06,-0.029297948412698414,15.15045,0.024450000000000003,-15.126,rcp85
38014,0.08559941468253968,0.0007439398148148147,-0.08485547486772486,25.208800000000004,4.320449999999999,-20.888350000000003,rcp85
38017,0.08099285714285714,0.003095037037037037,-0.07789782010582011,28.27555,7.70225,-20.5733,rcp85
38018,0.05490824900793651,0.0002491898148148148,-0.054659059193121695,22.5141,1.54385,-20.97025,rcp85
38021,0.21081794146825397,0.01578925,-0.19502869146825397,37.870000000000005,15.64885,-22.221150000000005,rcp85
38026,0.23194231150793648,0.014100342592592591,-0.21784196891534388,38.828500000000005,14.09835,-24.730150000000005,rcp85
38029,0.2212860615079365,0.013065990740740743,-0.20822007076719576,38.29755,12.19665,-26.100900000000003,rcp85
38030,0.06555750992063492,0.0010617175925925928,-0.06449579232804233,24.54325,5.7781,-18.76515,rcp85
39001,0.026489285714285712,2.5902777777777778e-05,-0.026463382936507934,19.00945,0.22455,-18.7849,rcp85
39002,0.1783813740079365,0.010461314814814816,-0.16792005919312167,34.78985,13.99955,-20.790300000000002,rcp85
39004,0.12975969246031746,0.0008948564814814815,-0.12886483597883597,36.495000000000005,4.167949999999999,-32.32705000000001,rcp85
39005,0.03264806547619047,5.315740740740741e-05,-0.03259490806878307,20.011850000000003,0.37439999999999996,-19.63745,rcp85
39006,0.07756815476190476,0.0016859074074074077,-0.07588224735449735,21.68855,4.7803,-16.90825,rcp85
39007,0.16273976686507935,0.007774069444444444,-0.1549656974206349,31.5058,10.8824,-20.6234,rcp85
39008,0.040933487103174605,0.00017616666666666668,-0.04075732043650794,17.144399999999997,0.96345,-16.180949999999996,rcp85
39010,0.07080269345238095,0.0008126990740740742,-0.06998999437830687,23.65715,5.9785,-17.67865,rcp85
39011,0.04999437996031746,4.422222222222222e-05,-0.04995015773809524,22.997500000000002,0.2715,-22.726000000000003,rcp85
39012,0.1425064236111111,0.0018272037037037037,-0.1406792199074074,29.156200000000002,5.14325,-24.012950000000004,rcp85
39014,0.07071945436507937,0.0011419953703703705,-0.069577458994709,24.332349999999998,7.028549999999999,-17.3038,rcp85
39015,0.022100406746031746,3.597222222222222e-05,-0.022064434523809524,24.35095,0.3225,-24.02845,rcp85
39016,0.10173997519841269,0.002408472222222222,-0.09933150297619046,27.86645,5.9469,-21.91955,rcp85
39017,0.20138973710317457,0.013401532407407407,-0.18798820469576716,36.08175,12.6835,-23.398249999999997,rcp85
39019,0.0648629861111111,0.0001869398148148148,-0.0646760462962963,24.02665,0.757,-23.26965,rcp85
39020,0.13205953373015872,0.005099981481481481,-0.12695955224867725,32.0412,6.0647,-25.9765,rcp85
39021,0.31492428571428577,0.025646138888888892,-0.2892781468253969,53.0051,16.61245,-36.39265,rcp85
39022,0.18207118055555555,0.008447328703703703,-0.17362385185185183,32.2643,11.3642,-20.9001,rcp85
39023,0.03435103670634921,0.00012471296296296297,-0.034226323743386244,21.53335,1.22175,-20.3116,rcp85
39025,0.03502301091269841,7.834259259259261e-05,-0.034944668320105815,26.056150000000002,0.8431500000000001,-25.213,rcp85
39027,0.023935942460317456,9.201388888888889e-05,-0.023843928571428568,18.90295,0.9785499999999999,-17.924400000000002,rcp85
39028,0.03551429563492064,3.7185185185185184e-05,-0.035477110449735456,23.270400000000002,0.40159999999999996,-22.868800000000004,rcp85
39029,0.19188588789682542,0.006991060185185185,-0.18489482771164023,35.80985,11.1211,-24.68875,rcp85
39034,0.33330442956349204,0.029156449074074074,-0.304147980489418,58.731700000000004,17.70015,-41.03155,rcp85
39035,0.026047395833333334,0.00012718518518518518,-0.02592021064814815,17.6875,1.3725,-16.315,rcp85
39036,0.06773965277777778,4.8703703703703704e-05,-0.06769094907407408,20.57995,0.1741,-20.40585,rcp85
39037,0.04246312003968254,1.4671296296296294e-05,-0.04244844874338625,23.7195,0.11674999999999999,-23.60275,rcp85
39042,0.036528779761904766,0.0001015462962962963,-0.03642723346560847,17.30415,0.9471,-16.35705,rcp85
39049,0.03554550595238095,4.7175925925925926e-05,-0.03549833002645503,20.14365,0.40915,-19.7345,rcp85
39052,0.15745885912698412,0.008712833333333333,-0.1487460257936508,31.80895,12.15755,-19.6514,rcp85
39054,0.24889553075396822,0.011600041666666666,-0.23729548908730155,40.59485,16.7283,-23.86655,rcp85
39056,0.06287573412698413,3.421296296296296e-05,-0.06284152116402117,23.31935,0.15665,-23.1627,rcp85
39061,0.7764328968253968,0.09307562037037037,-0.6833572764550264,51.84465,24.746000000000002,-27.09865,rcp85
39065,0.027635902777777777,0.00010027777777777777,-0.027535624999999998,16.3868,1.06125,-15.325550000000002,rcp85
39069,0.28850618551587304,0.013812949074074075,-0.27469323644179894,45.1452,17.70475,-27.440450000000002,rcp85
39072,0.18883555555555556,0.012234087962962964,-0.1766014675925926,32.16975,14.114049999999999,-18.0557,rcp85
39078,0.05528432043650794,4.0499999999999995e-05,-0.05524382043650794,27.53685,0.2636,-27.27325,rcp85
39081,0.028462916666666664,4.266666666666667e-05,-0.028420249999999998,15.850349999999999,0.32035,-15.53,rcp85
39087,0.15569788690476188,0.011249097222222223,-0.14444878968253966,30.2384,14.19365,-16.04475,rcp85
39088,0.08786178075396825,0.001385518518518519,-0.08647626223544973,25.183300000000003,6.71155,-18.471750000000004,rcp85
39095,0.044764007936507935,1.8009259259259257e-06,-0.04476220701058201,13.78095,0.01945,-13.7615,rcp85
39099,0.31199269345238095,0.02156077314814815,-0.2904319203042328,39.1911,16.2666,-22.9245,rcp85
39101,0.617491681547619,0.09017725,-0.527314431547619,62.2389,26.95265,-35.28625,rcp85
39105,0.19696003968253967,0.013832314814814815,-0.18312772486772486,38.069500000000005,12.63385,-25.435650000000003,rcp85
39108,0.036137564484126986,0.00015649537037037037,-0.03598106911375661,19.0184,1.6231,-17.3953,rcp85
39114,0.07048608630952381,0.00013798148148148147,-0.07034810482804234,24.3881,1.0188000000000001,-23.369300000000003,rcp85
39120,2.2928955505952384,0.224517212962963,-2.0683783376322755,93.8588,44.51585,-49.34295,rcp85
39125,0.06638500496031746,0.000337587962962963,-0.0660474169973545,23.78165,1.42035,-22.3613,rcp85
39127,0.07274915674603175,0.0013464444444444446,-0.0714027123015873,24.788400000000003,6.946350000000001,-17.84205,rcp85
39141,0.1664947123015873,0.008262162037037037,-0.15823255026455027,31.69905,11.92795,-19.7711,rcp85
39142,0.07179448412698414,0.00023334722222222225,-0.07156113690476192,20.5785,1.717,-18.8615,rcp85
39143,0.22171338293650797,0.00983998148148148,-0.21187340145502648,35.5242,12.648150000000001,-22.87605,rcp85
39144,0.1631638988095238,0.0071655601851851845,-0.15599833862433862,31.74185,12.52935,-19.2125,rcp85
40003,0.2731922916666667,0.007125675925925926,-0.26606661574074075,59.45295,11.604700000000001,-47.84825,rcp85
40004,0.31144892857142853,0.015284847222222224,-0.2961640813492063,59.2329,22.821649999999998,-36.41125,rcp85
40005,0.3335632688492063,0.020286800925925923,-0.31327646792328034,69.98509999999999,24.59415,-45.39094999999999,rcp85
40006,0.04794910714285715,4.358333333333333e-05,-0.047905523809523815,21.387549999999997,0.29075,-21.096799999999998,rcp85
40007,0.28101024305555555,0.009263356481481484,-0.2717468865740741,52.1763,13.17125,-39.00505,rcp85
40009,0.04119803571428572,0.00015090277777777777,-0.04104713293650794,24.5961,0.7603000000000001,-23.8358,rcp85
40010,0.28860751488095243,0.013407449074074072,-0.27520006580687834,45.01715,15.852549999999999,-29.1646,rcp85
40011,0.32890729166666666,0.013929152777777778,-0.31497813888888887,64.6516,13.08905,-51.56255,rcp85
40012,0.2285976587301587,0.005184574074074074,-0.22341308465608462,41.719449999999995,11.6624,-30.057049999999997,rcp85
40013,0.45984227678571427,0.03170254166666667,-0.42813973511904757,61.493900000000004,25.94805,-35.54585,rcp85
40016,0.2422393998015873,0.00959849074074074,-0.23264090906084656,43.43065,13.97385,-29.4568,rcp85
40017,0.3262088690476191,0.016459231481481484,-0.3097496375661376,60.66935,23.452550000000002,-37.2168,rcp85
40018,0.4977551140873016,0.03302930092592593,-0.4647258131613757,65.78184999999999,25.8303,-39.95154999999999,rcp85
40020,0.43529619047619045,0.02857692129629629,-0.40671926917989415,67.23005,23.749299999999998,-43.48075000000001,rcp85
40021,0.2769588343253968,0.010635013888888888,-0.26632382043650793,63.0625,12.03985,-51.02265,rcp85
40022,0.3394316914682539,0.012268625,-0.32716306646825394,60.5774,12.13485,-48.44255,rcp85
40033,0.07157726686507936,0.0003736805555555556,-0.0712035863095238,42.41735,1.71525,-40.7021,rcp85
41001,0.3963409771825397,0.035428953703703706,-0.360912023478836,46.001850000000005,26.312800000000003,-19.68905,rcp85
41003,0.23333515873015875,0.014530787037037037,-0.21880437169312172,44.60755,16.31375,-28.293800000000005,rcp85
41004,0.024842733134920636,1.784259259259259e-05,-0.024824890542328042,21.038899999999998,0.1886,-20.850299999999997,rcp85
41005,0.23187402777777777,0.009385777777777778,-0.22248825,43.007549999999995,11.82645,-31.181099999999994,rcp85
41006,0.3105279910714286,0.023108500000000004,-0.2874194910714286,45.718199999999996,20.85125,-24.866949999999996,rcp85
41009,0.09198895337301587,0.004373361111111111,-0.08761559226190475,27.79455,6.19985,-21.594700000000003,rcp85
41011,0.20996824900793648,0.011104458333333334,-0.19886379067460314,33.51545,14.3978,-19.11765,rcp85
41012,0.23846929563492064,0.012408740740740741,-0.2260605548941799,39.37665,15.9911,-23.38555,rcp85
41013,0.275153943452381,0.014298092592592591,-0.2608558508597884,51.077799999999996,19.98925,-31.088549999999998,rcp85
41014,0.33297419146825397,0.022464458333333333,-0.31050973313492064,44.4077,20.537599999999998,-23.8701,rcp85
41016,0.2583641369047619,0.013399319444444446,-0.24496481746031745,46.9774,16.8996,-30.077800000000003,rcp85
41019,0.19665439484126984,0.006811620370370371,-0.18984277447089948,36.017,10.09135,-25.925650000000005,rcp85
41020,0.14728674603174605,0.006326981481481481,-0.14095976455026457,33.35665,8.890550000000001,-24.4661,rcp85
41022,0.015176011904761906,3.240740740740741e-08,-0.015175979497354499,21.01145,0.00035,-21.0111,rcp85
41023,0.08136912698412699,0.0020899537037037037,-0.07927917328042329,28.2446,4.10605,-24.13855,rcp85
41025,0.41811018849206355,0.03933561574074074,-0.3787745727513228,54.14175,23.9651,-30.176650000000002,rcp85
41027,0.21139592261904766,0.01029175462962963,-0.20110416798941802,36.9671,12.1388,-24.828300000000002,rcp85
41028,0.21110159722222221,0.011788148148148148,-0.19931344907407406,36.7143,15.569749999999999,-21.144550000000002,rcp85
41029,0.23417716765873017,0.012343101851851852,-0.2218340658068783,43.9141,16.070349999999998,-27.84375,rcp85
42001,0.015488581349206347,2.111111111111111e-06,-0.015486470238095237,17.54375,0.0228,-17.52095,rcp85
42003,0.028860749007936504,1.0069444444444445e-05,-0.02885067956349206,22.2621,0.0798,-22.1823,rcp85
42004,0.017353090277777778,3.2916666666666668e-06,-0.017349798611111113,21.55415,0.035550000000000005,-21.5186,rcp85
42006,0.02000124503968254,2.8009259259259257e-06,-0.019998444113756612,19.3599,0.03025,-19.32965,rcp85
42008,0.01698438988095238,3.3379629629629623e-06,-0.016981051917989418,19.088250000000002,0.03605,-19.052200000000003,rcp85
42010,0.0208478621031746,2.8935185185185184e-06,-0.02084496858465608,19.588099999999997,0.03125,-19.556849999999997,rcp85
42011,0.02514424603174603,1.1888888888888887e-05,-0.025132357142857144,18.2087,0.04625,-18.16245,rcp85
42016,0.07307095734126984,0.001719398148148148,-0.0713515591931217,23.96005,3.18115,-20.7789,rcp85
42017,0.07070152281746031,0.00019501388888888888,-0.07050650892857142,21.939300000000003,0.92085,-21.01845,rcp85
42024,0.058135793650793646,9.813888888888889e-05,-0.058037654761904756,27.363300000000002,0.47229999999999994,-26.891000000000002,rcp85
42026,0.011797822420634922,8.24074074074074e-07,-0.011796998346560849,19.42235,0.007000000000000001,-19.41535,rcp85
42027,0.19143655257936507,0.009887546296296297,-0.18154900628306878,30.383699999999997,12.2095,-18.1742,rcp85
43005,0.06019224702380952,0.001272175925925926,-0.058920071097883595,23.99175,2.1029999999999998,-21.88875,rcp85
43006,0.07900832341269842,0.0001863194444444444,-0.07882200396825398,25.2518,0.35845,-24.893349999999998,rcp85
43007,0.054565768849206345,0.00012319444444444444,-0.0544425744047619,22.42825,0.35145000000000004,-22.0768,rcp85
43008,0.039693988095238095,1.7875e-05,-0.039676113095238094,21.13845,0.1288,-21.00965,rcp85
43009,0.12938822916666667,0.0055836481481481475,-0.12380458101851853,30.63865,9.697099999999999,-20.94155,rcp85
43014,0.1792776388888889,0.013039680555555556,-0.16623795833333335,29.4925,15.47125,-14.02125,rcp85
43017,0.021568164682539685,1.0097222222222223e-05,-0.02155806746031746,19.282899999999998,0.10905000000000001,-19.173849999999998,rcp85
43018,0.02955443452380952,4.329166666666667e-05,-0.029511142857142854,20.722050000000003,0.2011,-20.520950000000003,rcp85
43021,0.05501773313492063,5.056018518518518e-05,-0.054967172949735445,22.975450000000002,0.1856,-22.78985,rcp85
44001,0.013304593253968256,0.0,-0.013304593253968256,20.90385,0.0,-20.90385,rcp85
44002,0.010529672619047619,0.0,-0.010529672619047619,19.06795,0.0,-19.06795,rcp85
44006,0.019198774801587302,1.25e-07,-0.0191986498015873,20.437649999999998,0.00135,-20.4363,rcp85
44009,0.09016755456349207,0.0027598796296296295,-0.08740767493386244,24.4899,5.3210999999999995,-19.168799999999997,rcp85
44011,0.17824809523809526,0.015215592592592593,-0.16303250264550267,31.66805,16.20475,-15.4633,rcp85
45001,0.2857626140873016,0.004027064814814815,-0.2817355492724868,58.5797,8.674150000000001,-49.905550000000005,rcp85
45003,0.00938251488095238,6.666666666666666e-07,-0.009381848214285714,21.4039,0.0051,-21.3988,rcp85
45004,0.09695672123015874,0.000998013888888889,-0.09595870734126985,33.8523,6.506349999999999,-27.345950000000002,rcp85
45005,0.04801768849206349,0.000511699074074074,-0.04750598941798942,25.776200000000003,3.77185,-22.004350000000002,rcp85
45009,0.7841770783730159,0.08729111574074074,-0.6968859626322751,120.56325000000001,33.9814,-86.58185,rcp85
45012,0.24091971726190478,0.014834208333333335,-0.22608550892857143,43.7629,15.67265,-28.09025,rcp85
46003,0.3732042609126984,0.01840973611111111,-0.3547945248015873,57.95585,26.310900000000004,-31.644949999999994,rcp85
46005,0.8912046874999999,0.10101131018518517,-0.7901933773148148,91.64945,44.76175,-46.8877,rcp85
46008,0.3176929265873015,0.01697379166666666,-0.30071913492063485,46.5174,23.4395,-23.077900000000003,rcp85
46014,0.04749400793650794,0.00017443055555555555,-0.04731957738095238,36.237049999999996,1.85055,-34.3865,rcp85
47001,0.13177256944444443,0.0029727268518518523,-0.12879984259259258,35.056,6.46175,-28.594249999999995,rcp85
47004,0.08537777777777777,0.0006313287037037037,-0.08474644907407407,33.9537,2.24515,-31.70855,rcp85
47005,0.2500134920634921,0.010084865740740741,-0.23992862632275136,46.13715,12.425249999999998,-33.7119,rcp85
47008,0.00763687996031746,2.7777777777777774e-08,-0.0076368521825396826,12.8187,0.0003,-12.8184,rcp85
47009,0.006111205357142857,5.416666666666666e-07,-0.00611066369047619,6.97225,0.00585,-6.9664,rcp85
47011,0.025672118055555554,0.00034361111111111116,-0.025328506944444443,19.4389,3.3788,-16.0601,rcp85
47014,0.34913144345238095,0.02314324537037037,-0.32598819808201057,52.0313,19.92325,-32.108050000000006,rcp85
47018,0.20862723214285717,0.010333578703703702,-0.19829365343915345,40.3387,12.2761,-28.062600000000003,rcp85
48003,0.03166641865079365,0.0002841944444444445,-0.03138222420634921,23.897399999999998,1.5065000000000002,-22.3909,rcp85
48004,0.2442821775793651,0.0068636851851851845,-0.23741849239417992,51.52785,16.1559,-35.37195,rcp85
48005,0.01946424107142857,2.3703703703703703e-05,-0.01944053736772487,22.3002,0.13044999999999998,-22.16975,rcp85
48011,0.005698705357142857,0.0,-0.005698705357142857,13.22215,0.0,-13.22215,rcp85
49001,0.11399899305555555,0.0034639768518518518,-0.1105350162037037,43.352999999999994,13.150400000000001,-30.202599999999993,rcp85
49002,0.008827638888888888,0.0,-0.008827638888888888,15.8715,0.0,-15.8715,rcp85
49004,0.0642170486111111,0.001682189814814815,-0.06253485879629629,36.1934,9.00435,-27.189049999999995,rcp85
50001,0.17885315476190478,0.004053833333333333,-0.17479932142857144,46.14145,8.7553,-37.38615,rcp85
50002,0.32566913194444447,0.007850800925925926,-0.31781833101851853,53.6518,11.2073,-42.444500000000005,rcp85
50006,0.19423268849206352,0.002774777777777778,-0.19145791071428575,47.84445,8.0022,-39.84225,rcp85
50007,0.36341121031746026,0.02023424074074074,-0.3431769695767195,60.3425,19.97535,-40.36715,rcp85
50008,0.021038308531746035,1.3888888888888887e-08,-0.021038294642857145,20.867350000000002,0.00015,-20.8672,rcp85
50011,0.4320891765873016,0.018629708333333335,-0.4134594682539683,67.28225,18.68965,-48.592600000000004,rcp85
51001,0.051565927579365074,0.00033044907407407404,-0.051235478505291,24.314,1.16295,-23.15105,rcp85
52004,0.050429270833333324,0.00019003240740740737,-0.05023923842592592,23.62805,1.081,-22.547050000000002,rcp85
52005,0.04768952876984127,0.0003776944444444445,-0.047311834325396825,25.2976,2.8059000000000003,-22.491699999999998,rcp85
52006,0.007955877976190476,0.0,-0.007955877976190476,14.7318,0.0,-14.7318,rcp85
52007,0.11834729166666666,0.0012960324074074076,-0.11705125925925926,30.14295,5.9488,-24.19415,rcp85
52009,0.06889777281746033,0.0011896203703703704,-0.06770815244708996,27.2238,7.776,-19.4478,rcp85
52010,0.02141987103174603,1.6574074074074073e-06,-0.02141821362433862,16.9849,0.0179,-16.967,rcp85
52011,0.13157986607142858,0.006895171296296297,-0.12468469477513228,24.780050000000003,11.500499999999999,-13.279550000000004,rcp85
52015,0.16102324900793652,0.010030171296296297,-0.15099307771164022,28.91195,12.9134,-15.998550000000002,rcp85
52016,0.035413511904761906,0.00016828703703703702,-0.03524522486772487,22.518099999999997,0.53055,-21.987549999999995,rcp85
53005,0.02478268353174603,6.4722222222222225e-06,-0.024776211309523805,21.2286,0.0699,-21.1587,rcp85
53006,0.03843374007936508,0.00020435648148148147,-0.038229383597883596,17.48175,0.8445999999999999,-16.637150000000002,rcp85
53007,0.02382512400793651,3.5740740740740743e-06,-0.023821549933862436,20.60135,0.0386,-20.56275,rcp85
53008,0.049860014880952375,0.00018656481481481483,-0.04967345006613756,19.502200000000002,0.8024,-18.699800000000003,rcp85
53009,0.04532294642857143,2.9449074074074073e-05,-0.04529349735449736,24.07575,0.1432,-23.93255,rcp85
53013,0.15069517857142858,0.008550722222222222,-0.14214445634920636,27.332,9.28835,-18.04365,rcp85
53017,0.13482316964285712,0.008305416666666668,-0.12651775297619045,28.10035,10.3021,-17.79825,rcp85
53018,0.16503712797619047,0.00896650462962963,-0.15607062334656083,29.5079,10.217749999999999,-19.29015,rcp85
53022,0.030200332341269842,1.552777777777778e-05,-0.030184804563492065,19.063499999999998,0.08,-18.9835,rcp85
53023,0.02109563492063492,8.527777777777777e-06,-0.021087107142857144,17.58625,0.0569,-17.52935,rcp85
53028,0.19621319940476192,0.014031398148148147,-0.18218180125661376,31.1033,13.094750000000001,-18.00855,rcp85
54001,0.31213432539682545,0.019521282407407407,-0.29261304298941804,70.3322,17.5068,-52.8254,rcp85
54002,0.3048718402777778,0.025633967592592594,-0.2792378726851852,48.49594999999999,17.040300000000002,-31.45564999999999,rcp85
54003,3.5566756944444444,0.6582587546296297,-2.8984169398148145,136.89749999999998,91.4675,-45.42999999999998,rcp85
54004,0.30681025793650796,0.02057349074074074,-0.28623676719576724,48.48255,17.75025,-30.732300000000002,rcp85
54005,0.5486203571428572,0.043792972222222226,-0.504827384920635,88.36905,25.15135,-63.2177,rcp85
54007,0.2828035218253968,0.019046194444444442,-0.26375732738095237,44.870000000000005,17.9255,-26.944500000000005,rcp85
54008,0.34183685515873014,0.019509277777777778,-0.32232757738095236,62.07645,19.95865,-42.1178,rcp85
54011,0.16573892857142858,0.0050881574074074076,-0.16065077116402118,24.73565,5.854799999999999,-18.880850000000002,rcp85
54012,0.1241856994047619,0.007221986111111111,-0.1169637132936508,31.803350000000002,10.89535,-20.908,rcp85
54015,0.278978005952381,0.019982675925925925,-0.25899533002645503,48.20175,17.221600000000002,-30.980149999999995,rcp85
54016,0.2950836160714286,0.01545140277777778,-0.2796322132936508,53.045500000000004,12.70195,-40.34355000000001,rcp85
54017,0.33105357142857145,0.031060824074074074,-0.2999927473544974,59.45795,18.7215,-40.73645,rcp85
54018,0.33087737599206357,0.016966199074074075,-0.3139111769179895,70.29535,15.6589,-54.636449999999996,rcp85
54019,0.32188115079365076,0.020915976851851856,-0.3009651739417989,43.86555,16.125,-27.74055,rcp85
54020,0.43099448908730154,0.025591416666666665,-0.4054030724206349,70.5419,19.73095,-50.81095,rcp85
54022,2.3472838789682537,0.2641229027777778,-2.083160976190476,141.9519,59.56275,-82.38915,rcp85
54024,0.018036011904761902,0.00015993055555555555,-0.017876081349206346,13.0284,1.23025,-11.79815,rcp85
54025,0.42717609126984124,0.03666905555555555,-0.3905070357142857,74.16665,26.260550000000002,-47.9061,rcp85
54027,0.12406089781746031,0.0056009398148148155,-0.1184599580026455,30.2851,9.3814,-20.9037,rcp85
54028,0.8433247916666666,0.0762311898148148,-0.7670936018518518,101.3204,35.4308,-65.8896,rcp85
54029,0.4054594791666666,0.026690111111111116,-0.37876936805555544,72.21005,19.467100000000002,-52.74294999999999,rcp85
54032,0.2783955109126984,0.014913097222222222,-0.26348241369047615,58.40345,17.67085,-40.7326,rcp85
54034,0.3891747867063492,0.03317005555555556,-0.3560047311507936,55.2104,20.72345,-34.48695,rcp85
54036,0.17883230158730157,0.00958611574074074,-0.16924618584656081,29.6063,13.6466,-15.959700000000002,rcp85
54038,1.1223361408730161,0.11488208796296295,-1.0074540529100533,110.1588,41.01105,-69.14775,rcp85
54044,0.05061332837301587,0.001657587962962963,-0.048955740410052906,19.34045,3.3162,-16.024250000000002,rcp85
54048,0.25903595734126983,0.01591583796296296,-0.24312011937830685,43.18175,13.0674,-30.11435,rcp85
54049,0.28336623015873014,0.017570009259259257,-0.26579622089947086,43.09065,14.74155,-28.349099999999996,rcp85
54052,0.062007207341269854,0.0017469166666666668,-0.06026029067460319,25.71575,6.59765,-19.1181,rcp85
54057,0.30578756448412703,0.014749833333333335,-0.2910377311507937,60.11255,16.41635,-43.6962,rcp85
54060,0.014286825396825397,6.578703703703702e-05,-0.014221038359788359,14.2193,0.28095,-13.93835,rcp85
54063,0.1830500744047619,0.008926388888888888,-0.174123685515873,25.4852,10.24535,-15.239849999999999,rcp85
54080,0.637597609126984,0.05457602777777777,-0.5830215813492062,96.5612,33.69625,-62.86495,rcp85
54095,0.3714070684523809,0.022951662037037038,-0.3484554064153439,74.428,18.0126,-56.4154,rcp85
54096,0.20048472718253968,0.01049849537037037,-0.1899862318121693,42.3501,14.976849999999999,-27.37325,rcp85
55002,0.3276393253968254,0.018625819444444445,-0.3090135059523809,56.1005,23.85805,-32.24245,rcp85
55007,0.3920322470238095,0.02254174537037037,-0.36949050165343916,64.6109,23.91485,-40.69605,rcp85
55008,1.7787179761904761,0.20558784722222223,-1.5731301289682538,127.9985,52.87715,-75.12135,rcp85
55013,0.317069439484127,0.02281225925925926,-0.29425718022486774,55.907849999999996,25.5181,-30.389749999999996,rcp85
55014,0.5570853273809524,0.05047501388888889,-0.5066103134920635,89.85485,26.3737,-63.48115,rcp85
55016,0.6817070386904762,0.09415083333333334,-0.5875562053571429,86.7778,38.2458,-48.532,rcp85
55018,0.23252383432539686,0.01410126851851852,-0.21842256580687835,45.65405,16.97075,-28.6833,rcp85
55021,0.32202860119047616,0.020440726851851852,-0.30158787433862433,53.12835,22.0255,-31.102849999999997,rcp85
55023,0.28552980158730157,0.019715217592592593,-0.265814583994709,51.281400000000005,22.78875,-28.492650000000005,rcp85
55025,0.2581045982142857,0.01671023148148148,-0.24139436673280423,43.7983,24.466549999999998,-19.33175,rcp85
55026,0.969824955357143,0.11981353703703704,-0.850011418320106,99.48660000000001,43.38305,-56.10355000000001,rcp85
55029,0.3758221825396826,0.028063046296296298,-0.3477591362433863,56.7371,27.3482,-29.3889,rcp85
55032,2.5249099404761903,0.36188148611111115,-2.163028454365079,110.22819999999999,60.6349,-49.593299999999985,rcp85
56001,0.3209983779761905,0.020244319444444443,-0.3007540585317461,58.06055,25.993949999999998,-32.0666,rcp85
56002,0.4144449454365079,0.04363009722222222,-0.3708148482142857,65.52225,30.42145,-35.1008,rcp85
56007,0.4093751388888889,0.023908481481481482,-0.3854666574074074,73.7998,27.44995,-46.34985,rcp85
56012,0.9796558184523809,0.1564013935185185,-0.8232544249338625,101.03525,46.22175,-54.813500000000005,rcp85
56013,0.45737138888888895,0.0380467962962963,-0.41932459259259264,68.37215,23.60015,-44.772000000000006,rcp85
57004,0.04436371031746032,6.073611111111111e-05,-0.04430297420634921,25.69915,0.6018,-25.09735,rcp85
57005,0.3857965773809524,0.023248800925925926,-0.3625477764550265,53.597049999999996,27.789299999999997,-25.80775,rcp85
57006,0.04040986111111111,4.177314814814814e-05,-0.04036808796296296,26.12375,0.41274999999999995,-25.711000000000002,rcp85
57007,0.20114965773809523,0.009476078703703705,-0.19167357903439153,42.222300000000004,15.62875,-26.593550000000004,rcp85
57008,0.3656373561507936,0.0388978287037037,-0.3267395274470899,71.5658,29.5475,-42.018299999999996,rcp85
57009,0.010338035714285715,0.0,-0.010338035714285715,16.43285,0.0,-16.43285,rcp85
58001,0.0395689632936508,2.0125e-05,-0.039548838293650794,20.49775,0.17875000000000002,-20.319,rcp85
58002,0.6995854117063491,0.07556520833333333,-0.6240202033730158,88.1542,30.0257,-58.1285,rcp85
58006,0.8046189682539682,0.08805687962962963,-0.7165620886243386,94.42345,32.5444,-61.87905,rcp85
58008,0.23134683035714285,0.01467088888888889,-0.21667594146825395,44.5158,16.26405,-28.251749999999998,rcp85
58009,0.02683035218253968,7.4120370370370364e-06,-0.02682294014550264,15.3092,0.08005,-15.22915,rcp85
58010,2.4087207936507937,0.39409704166666665,-2.0146237519841272,120.06925,58.7809,-61.288349999999994,rcp85
58012,0.16830726686507938,0.009000597222222222,-0.15930666964285717,38.81075,10.098749999999999,-28.712,rcp85
59001,0.48759874503968254,0.04324381944444445,-0.4443549255952381,69.53645,19.717,-49.81945,rcp85
60002,0.6307132390873016,0.04157093055555555,-0.589142308531746,59.84335,26.17755,-33.665800000000004,rcp85
60003,0.1545285119047619,0.004853800925925926,-0.14967471097883597,32.75105,11.63615,-21.1149,rcp85
60005,0.23582416170634923,0.011283749999999999,-0.22454041170634922,48.26635,14.886849999999999,-33.37950000000001,rcp85
60006,0.10047317956349207,0.0004412962962962963,-0.10003188326719577,32.42715,2.9050000000000002,-29.522149999999996,rcp85
60010,0.02492904761904762,2.6180555555555556e-05,-0.024902867063492064,13.646,0.2795,-13.3665,rcp85
60012,0.34510064980158733,0.02122947222222222,-0.3238711775793651,59.28625,15.146,-44.14025,rcp85
61001,0.009239632936507935,0.0,-0.009239632936507935,16.2473,0.0,-16.2473,rcp85
61002,0.018211259920634923,7.407407407407407e-08,-0.01821118584656085,24.2641,0.0008,-24.263299999999997,rcp85
62001,0.27076283234126985,0.015190708333333332,-0.2555721240079365,54.3917,18.8069,-35.5848,rcp85
63001,0.632616755952381,0.06011846759259259,-0.5724982883597884,62.01285,28.82695,-33.185900000000004,rcp85
63004,3.4503200396825395,0.4824642037037037,-2.9678558359788356,130.46325,64.8491,-65.61414999999998,rcp85
64001,1.0742141716269842,0.10596555092592592,-0.9682486207010582,93.78739999999999,40.5886,-53.19879999999999,rcp85
64002,0.32172341269841276,0.014030416666666667,-0.3076929960317461,58.255900000000004,15.0327,-43.223200000000006,rcp85
64006,0.2008181448412698,0.007664333333333332,-0.19315381150793648,50.369699999999995,10.92825,-39.441449999999996,rcp85
65001,1.693973630952381,0.11006703703703705,-1.5839065939153438,124.1567,51.480850000000004,-72.67585,rcp85
65004,0.2592257291666667,0.006305314814814815,-0.25292041435185186,57.70535,12.83885,-44.8665,rcp85
65005,0.06309604662698413,9.648148148148146e-05,-0.06299956514550266,30.52345,0.73095,-29.7925,rcp85
65006,0.7458222073412699,0.028035634259259264,-0.7177865730820107,98.18135000000001,23.9907,-74.19065,rcp85
65007,0.3491197470238095,0.014130921296296298,-0.3349888257275132,55.974900000000005,14.09935,-41.875550000000004,rcp85
65008,9.853687966269842,1.1791416805555555,-8.674546285714285,264.54224999999997,126.92045000000002,-137.62179999999995,rcp85
66001,0.8122619345238096,0.05482962962962963,-0.7574323048941799,75.47035,25.48865,-49.9817,rcp85
66004,0.3994599156746032,0.029805712962962968,-0.36965420271164023,67.827,23.126800000000003,-44.700199999999995,rcp85
66006,0.9832334126984128,0.07183388425925927,-0.9113995284391535,82.6261,26.09705,-56.52905,rcp85
66011,2.222590927579365,0.2553866759259259,-1.9672042516534392,133.2097,57.221900000000005,-75.9878,rcp85
67001,0.23244205357142855,0.007462842592592594,-0.22497921097883597,59.405100000000004,13.77605,-45.62905000000001,rcp85
67005,1.6086862748015873,0.25840372685185187,-1.3502825479497353,115.0897,50.2803,-64.8094,rcp85
67006,1.020866011904762,0.086119375,-0.9347466369047619,91.48845,31.548000000000002,-59.94045,rcp85
67008,0.18031536706349205,0.008839180555555555,-0.1714761865079365,48.6339,16.95025,-31.683649999999997,rcp85
67010,1.6966949454365081,0.19916169444444443,-1.4975332509920638,111.1493,48.1152,-63.034099999999995,rcp85
67015,0.9929568650793652,0.09087245833333335,-0.9020844067460319,96.126,36.098749999999995,-60.02725000000001,rcp85
67018,1.7886542658730158,0.22626602777777777,-1.562388238095238,97.15899999999999,45.1623,-51.99669999999999,rcp85
67025,0.5655978918650794,0.039902148148148145,-0.5256957437169312,75.78795,25.8739,-49.914049999999996,rcp85
67033,0.4160534821428572,0.02721151851851852,-0.3888419636243387,75.31405,21.89265,-53.42139999999999,rcp85
68001,0.08488508432539682,0.006239805555555556,-0.07864527876984126,21.852449999999997,12.8032,-9.049249999999997,rcp85
68003,0.16879032738095237,0.013103148148148148,-0.15568717923280423,25.46225,12.27855,-13.183700000000002,rcp85
68004,0.01626701884920635,8.808796296296296e-05,-0.016178930886243385,11.38335,0.293,-11.09035,rcp85
68005,0.12810506944444444,0.008483231481481482,-0.11962183796296295,32.59285,12.7113,-19.881549999999997,rcp85
68020,0.08448424107142857,0.0065070092592592575,-0.07797723181216931,28.45205,13.96105,-14.491,rcp85
69002,0.4557934424603175,0.030107064814814816,-0.42568637764550266,51.10565,14.68295,-36.4227,rcp85
69007,0.2847297966269841,0.009343078703703704,-0.2753867179232804,38.0592,10.38655,-27.672649999999997,rcp85
69012,0.29498675595238094,0.01637331018518519,-0.27861344576719577,40.143100000000004,11.01025,-29.132850000000005,rcp85
69015,0.9241835863095236,0.049160375,-0.8750232113095235,75.7705,19.0638,-56.7067,rcp85
69017,0.3183502976190476,0.016242046296296296,-0.3021082513227513,46.501149999999996,11.866150000000001,-34.63499999999999,rcp85
69023,0.10649778273809525,0.0022964074074074076,-0.10420137533068784,27.354100000000003,8.582650000000001,-18.77145,rcp85
69027,0.3581879712301587,0.011014300925925926,-0.3471736703042328,43.100750000000005,10.12165,-32.9791,rcp85
69030,0.2322231150793651,0.012492199074074076,-0.21973091600529104,39.1862,15.284500000000001,-23.901699999999998,rcp85
69032,0.14556646825396824,0.00885462037037037,-0.13671184788359786,31.93625,15.750899999999998,-16.185350000000003,rcp85
69043,0.26292692956349206,0.008894990740740742,-0.2540319388227513,30.59735,8.01405,-22.5833,rcp85
70002,0.21016964781746028,0.011010833333333334,-0.19915881448412695,42.8443,13.017900000000001,-29.826399999999996,rcp85
71001,0.3624601587301587,0.014581347222222221,-0.3478788115079365,46.3795,11.5836,-34.7959,rcp85
71004,0.5433364037698413,0.03223130092592593,-0.5111051028439153,59.0453,19.8798,-39.165499999999994,rcp85
71006,0.7526785863095237,0.04822441666666666,-0.704454169642857,65.4589,26.224800000000002,-39.2341,rcp85
71008,0.4937888244047619,0.028712671296296295,-0.4650761531084656,56.468500000000006,14.080549999999999,-42.387950000000004,rcp85
71014,0.41613208333333335,0.03223264814814815,-0.3838994351851852,47.08515,20.4032,-26.68195,rcp85
72002,0.2373931994047619,0.009935333333333334,-0.22745786607142857,39.9019,9.81085,-30.091049999999996,rcp85
72004,0.9336213045634922,0.050837643518518515,-0.8827836610449737,69.51185000000001,17.3646,-52.147250000000014,rcp85
72005,1.7491538392857144,0.18351649074074072,-1.5656373485449737,95.104,47.50245,-47.601549999999996,rcp85
72007,0.0625989484126984,0.0015478935185185185,-0.06105105489417988,23.84845,4.73065,-19.1178,rcp85
72009,0.9068168501984127,0.08184222685185184,-0.8249746233465609,62.030649999999994,28.733599999999996,-33.29705,rcp85
72014,0.05822692956349206,0.0026490000000000003,-0.055577929563492064,21.043149999999997,5.4666999999999994,-15.576449999999998,rcp85
72015,1.6886017113095235,0.16471108333333334,-1.5238906279761901,96.436,48.4751,-47.96090000000001,rcp85
73005,0.6130738343253967,0.02719647222222222,-0.5858773621031745,65.13695,15.225850000000001,-49.9111,rcp85
73009,1.8465846478174601,0.11228653703703703,-1.7342981107804232,107.8835,35.3048,-72.5787,rcp85
73010,0.6672762996031745,0.023151541666666667,-0.6441247579365078,51.40015,16.658250000000002,-34.741899999999994,rcp85
73011,0.4278797321428571,0.022279421296296297,-0.40560031084656084,54.63075,12.8307,-41.80005,rcp85
73014,3.6818004662698414,0.47539605555555553,-3.2064044107142857,160.72019999999998,86.26605,-74.45414999999997,rcp85
73015,0.0414697123015873,0.001035425925925926,-0.04043428637566138,16.06215,2.741,-13.32115,rcp85
74001,0.8820174255952382,0.02811976388888889,-0.8538976617063493,81.30255,21.9755,-59.32705,rcp85
74005,0.03948878968253968,3.085185185185185e-05,-0.03945793783068783,18.281,0.1876,-18.0934,rcp85
74006,0.36432197420634926,0.016000398148148146,-0.34832157605820113,57.7821,12.49375,-45.28835,rcp85
74007,1.2416047519841271,0.10262876851851852,-1.1389759834656086,86.90865,34.87495,-52.033699999999996,rcp85
75003,2.3982485466269843,0.11159854166666666,-2.286650004960318,110.8006,28.1881,-82.61250000000001,rcp85
75004,0.7311577876984128,0.03191979166666667,-0.6992379960317461,86.3121,17.65795,-68.65415,rcp85
75017,0.03481692956349206,6.450462962962963e-05,-0.034752424933862436,19.38765,0.6033,-18.78435,rcp85
76003,0.10320067460317461,0.003623953703703704,-0.09957672089947091,40.165350000000004,9.98605,-30.179300000000005,rcp85
76005,0.39711690476190475,0.012881259259259259,-0.3842356455026455,51.098,10.3802,-40.7178,rcp85
76007,0.25703140873015873,0.009120078703703703,-0.24791133002645502,36.9337,9.346699999999998,-27.587000000000003,rcp85
76008,1.160259945436508,0.09634001851851852,-1.0639199269179893,69.87735,30.380699999999997,-39.49665000000001,rcp85
76011,1.6261692857142855,0.1369754398148148,-1.4891938458994707,99.29249999999999,35.4492,-63.84329999999999,rcp85
76014,2.2165490674603174,0.23825186574074073,-1.9782972017195768,111.8395,50.22,-61.6195,rcp85
77002,1.0445077876984126,0.04591476388888889,-0.9985930238095236,86.41415,23.5398,-62.87435000000001,rcp85
77003,1.5264720386904762,0.11051216203703704,-1.4159598766534391,91.61439999999999,26.615099999999998,-64.99929999999999,rcp85
77004,0.38633658234126983,0.019083856481481483,-0.36725272585978835,42.41015,12.4773,-29.932850000000002,rcp85
78003,0.6908962847222222,0.04260606944444444,-0.6482902152777777,54.534099999999995,23.0852,-31.448899999999995,rcp85
78004,1.7958319990079366,0.23364159722222222,-1.5621904017857142,91.68785,32.261399999999995,-59.42645,rcp85
78006,1.0562460267857143,0.05599809722222222,-1.000247929563492,71.98415,27.27745,-44.7067,rcp85
79002,1.1163808829365078,0.06856877314814815,-1.0478121097883597,71.1707,29.930999999999997,-41.2397,rcp85
79003,2.0931152777777777,0.18575178703703704,-1.9073634907407406,120.4727,40.24355,-80.22915,rcp85
79004,1.3191578323412698,0.12385504629629629,-1.1953027860449734,97.55895000000001,38.7124,-58.84655000000001,rcp85
79005,0.04726102678571428,7.136574074074074e-05,-0.04718966104497354,21.83365,0.6923,-21.14135,rcp85
79006,1.2433630009920635,0.08827864814814815,-1.1550843528439154,94.2141,32.8736,-61.3405,rcp85
80001,0.45302710317460315,0.01978475925925926,-0.4332423439153439,69.9371,24.92555,-45.01155,rcp85
80002,0.3006777529761905,0.011479847222222221,-0.28919790575396825,67.75045,18.0098,-49.74065,rcp85
80003,2.2329455357142853,0.16338438425925925,-2.069561151455026,145.85515,63.5957,-82.25945000000002,rcp85
80004,7.391909935515874,0.8890646296296297,-6.502845305886244,230.45095,106.40875,-124.04220000000001,rcp85
80005,4.267975044642857,0.538751625,-3.7292234196428575,171.22485,84.38409999999999,-86.84075000000001,rcp85
80006,0.2829023958333333,0.0011753148148148148,-0.2817270810185185,64.02305,5.2321,-58.790949999999995,rcp85
81002,0.11440570436507935,0.00043981944444444445,-0.1139658849206349,40.55195,3.3375500000000002,-37.2144,rcp85
81003,0.6106015228174602,0.02397332870370371,-0.5866281941137564,79.7003,23.62865,-56.07165,rcp85
81004,0.39656274305555556,0.010611083333333333,-0.38595165972222223,62.30265,18.4909,-43.81175,rcp85
81006,1.4882509275793652,0.08735425462962963,-1.4008966729497356,111.88075,39.4705,-72.41025,rcp85
81007,0.6389652678571429,0.0259875,-0.6129777678571429,87.3817,34.956250000000004,-52.42544999999999,rcp85
82001,0.3598278968253968,0.007125555555555556,-0.35270234126984124,54.97735,13.39595,-41.5814,rcp85
82003,0.5423390029761904,0.018756435185185185,-0.5235825677910052,73.53434999999999,24.96735,-48.56699999999999,rcp85
83003,1.0493795138888888,0.06822219444444445,-0.9811573194444444,69.85135,29.37975,-40.471599999999995,rcp85
83004,0.9568437946428571,0.04852777314814814,-0.9083160214947089,66.68315,21.283099999999997,-45.40005,rcp85
83006,0.6364863541666668,0.020283083333333334,-0.6162032708333335,57.3488,14.7915,-42.5573,rcp85
83007,0.4949820684523809,0.011747375000000001,-0.4832346934523809,69.44454999999999,14.15995,-55.28459999999999,rcp85
83009,0.9376838392857142,0.05142528703703704,-0.8862585522486771,104.14005,23.43685,-80.70320000000001,rcp85
83010,0.6650158333333334,0.021903930555555555,-0.6431119027777779,70.70805,15.212150000000001,-55.4959,rcp85
83013,0.774031185515873,0.039701324074074076,-0.7343298614417989,69.14394999999999,17.8825,-51.26144999999999,rcp85
84001,0.3598109126984127,0.007557009259259258,-0.3522539034391534,43.3691,10.150400000000001,-33.2187,rcp85
84004,0.9153181398809523,0.03902593055555555,-0.8762922093253968,62.225449999999995,18.4917,-43.73374999999999,rcp85
84005,0.6971875744047619,0.019545527777777776,-0.6776420466269841,59.2628,9.21265,-50.05015,rcp85
84008,0.6843299503968253,0.02836972222222222,-0.6559602281746031,78.5783,19.347,-59.2313,rcp85
84009,0.9581837152777777,0.07149640740740741,-0.8866873078703703,78.17815,24.3223,-53.855850000000004,rcp85
84012,0.5549793998015873,0.022271171296296296,-0.532708228505291,78.27260000000001,19.48135,-58.79125000000001,rcp85
84013,0.6896086706349207,0.02073765277777778,-0.668871017857143,58.771699999999996,9.973600000000001,-48.79809999999999,rcp85
84014,0.9147212053571427,0.06313416203703703,-0.8515870433201057,86.4059,27.19145,-59.21445,rcp85
84016,0.7609593898809524,0.04069883333333334,-0.720260556547619,78.62285,22.646749999999997,-55.9761,rcp85
84017,1.1205588442460317,0.05949302314814815,-1.0610658210978836,109.71285,28.98885,-80.724,rcp85
84018,0.9917879910714285,0.06455574074074075,-0.9272322503306877,68.0464,24.07735,-43.96905000000001,rcp85
84019,0.616511949404762,0.03778789814814815,-0.5787240512566139,68.5515,21.6114,-46.9401,rcp85
84020,2.1115743452380955,0.0737551574074074,-2.037819187830688,120.70365,28.222700000000003,-92.48094999999999,rcp85
84022,1.1888838938492063,0.09055515277777776,-1.0983287410714286,85.76605,30.394399999999997,-55.37165000000001,rcp85
84026,2.8509615228174603,0.22868245833333334,-2.622279064484127,145.50764999999998,42.77375,-102.73389999999998,rcp85
84030,0.5474281101190476,0.019409300925925924,-0.5280188091931216,72.51509999999999,17.71535,-54.79974999999999,rcp85
85001,3.704078903769841,0.07003222222222222,-3.634046681547619,102.26615,22.6662,-79.59994999999999,rcp85
85002,1.1750367162698412,0.0730209675925926,-1.1020157486772486,94.19120000000001,32.1665,-62.02470000000001,rcp85
85003,9.394386934523808,1.0370442175925925,-8.357342716931216,301.45264999999995,131.0226,-170.43004999999994,rcp85
85004,3.394225515873016,0.3110792361111111,-3.083146279761905,160.23325,58.432199999999995,-101.80105,rcp85
88001,0.9807145337301588,0.02724780092592593,-0.9534667328042329,114.3253,30.23655,-84.08875,rcp85
89002,9.569311934523808,1.0053595370370372,-8.563952397486771,290.9499,132.20940000000002,-158.7405,rcp85
89003,15.54073422123016,1.7528224444444445,-13.787911776785716,363.87265,155.7224,-208.15025000000003,rcp85
89005,15.608833293650793,1.7482697268518517,-13.860563566798941,351.80805,153.8748,-197.93325,rcp85
89007,3.1034353422619048,0.2880284259259259,-2.815406916335979,150.23180000000002,75.96244999999999,-74.26935000000003,rcp85
90003,13.398168432539682,1.3322600787037038,-12.06590835383598,332.92145,146.13115,-186.7903,rcp85
92001,0.8927068601190475,0.01783286574074074,-0.8748739943783068,73.99164999999999,22.8598,-51.13184999999999,rcp85
93001,4.888412395833334,0.4243859166666667,-4.464026479166667,184.20690000000002,103.17005,-81.03685000000002,rcp85
94001,4.294539087301587,0.3260965972222223,-3.9684424900793642,169.05105,63.2617,-105.78935000000001,rcp85
95001,3.1841383234126983,0.16032449537037036,-3.023813828042328,169.24985,61.2362,-108.01365000000001,rcp85
96001,3.054455982142857,0.12439995370370371,-2.9300560284391537,134.91,55.73595,-79.17405,rcp85
96002,3.1143677628968254,0.14499625925925924,-2.969371503637566,122.80935,79.92645,-42.88289999999999,rcp85
96004,9.362074017857143,0.7318129814814814,-8.630261036375662,296.72294999999997,163.2455,-133.47744999999998,rcp85
97002,1.679386334325397,0.047817930555555554,-1.6315684037698415,118.14565,30.720599999999997,-87.42505,rcp85
101002,0.09051886408730159,0.0034637361111111114,-0.08705512797619047,42.580349999999996,7.071149999999999,-35.50919999999999,rcp85
101005,0.05890549107142857,4.2902777777777774e-05,-0.05886258829365079,26.697699999999998,0.4416,-26.256099999999996,rcp85
102001,0.039706830357142855,3.034259259259259e-05,-0.03967648776455026,24.2782,0.2221,-24.056099999999997,rcp85
106001,0.8121012202380953,0.03465638888888889,-0.7774448313492064,60.5997,42.23005,-18.36965,rcp85
107001,1.0818103819444445,0.035937518518518514,-1.045872863425926,93.7462,26.557,-67.1892,rcp85
